date,ticker,company,sector,industry,open,high,low,close,adj_close,volume,daily_return_pct,price_range
2020-01-03 05:00:00+00:00,AAPL,Apple Inc.,Technology,Consumer Electronics,71.62915285765841,72.45596582996416,71.47246932030643,71.69664764404297,71.69664764404297,146322800,0.09422809525429288,0.9834965096577264
2020-01-03 05:00:00+00:00,ABBV,AbbVie Inc.,Healthcare,Drug Manufacturers - General,68.19873883557328,69.1423993363979,67.98989874337225,68.60868835449219,68.60868835449219,5988500,0.6011101171640325,1.1525005930256498
2020-01-03 05:00:00+00:00,ABT,Abbott Laboratories,Healthcare,Medical Devices,76.73996044866419,77.56329133027009,76.5967689069509,76.86524963378906,76.86524963378906,4747000,0.16326459434219245,0.9665224233191907
2020-01-03 05:00:00+00:00,ADBE,Adobe Inc.,Technology,Software - Application,329.1700134277344,332.9800109863281,328.69000244140625,331.80999755859375,331.80999755859375,1577600,0.8020123410904056,4.290008544921875
2020-01-03 05:00:00+00:00,AIG,"American International Group, Inc.",Financial Services,Insurance - Diversified,43.83232897416829,44.03767413557583,43.584204522757254,43.94355773925781,43.94355773925781,2358800,0.25375965113574417,0.4534696128185729
2020-01-03 05:00:00+00:00,AMAT,"Applied Materials, Inc.",Technology,Semiconductor Equipment & Materials,57.34587551314563,58.32857059281139,57.22304133156309,57.83722305297851,57.83722305297851,5415200,0.8568140872140776,1.1055292612483
2020-01-03 05:00:00+00:00,AMD,"Advanced Micro Devices, Inc.",Technology,Semiconductors,48.029998779296875,49.38999938964844,47.540000915527344,48.599998474121094,48.599998474121094,73127400,1.1867576708536471,1.8499984741210938
2020-01-03 05:00:00+00:00,AMGN,Amgen Inc.,Healthcare,Drug Manufacturers - General,197.16325130647385,199.74043238476983,196.3984097337621,198.2523193359375,198.2523193359375,1879000,0.5523686702502086,3.3420226510077384
2020-01-03 05:00:00+00:00,AMZN,"Amazon.com, Inc.",Consumer Cyclical,Internet Retail,93.2249984741211,94.30999755859376,93.2249984741211,93.74849700927734,93.74849700927734,75288000,0.5615430879321186,1.0849990844726705
2020-01-03 05:00:00+00:00,APD,"Air Products and Chemicals, Inc.",Basic Materials,Specialty Chemicals,197.667193039716,199.0676868611131,195.35898810831537,195.37628173828125,195.37628173828125,1710400,-1.1589739633599505,3.7086987527977158
2020-01-03 05:00:00+00:00,AVGO,Broadcom Inc.,Technology,Semiconductors,27.315725838404436,27.52994368528839,27.020640541003164,27.03010368347168,27.03010368347168,22870000,-1.045632675560051,0.5093031442852265
2020-01-03 05:00:00+00:00,AXP,American Express Company,Financial Services,Credit Services,114.96517638572772,115.68648186724832,114.6137731410967,115.22410583496094,115.22410583496094,2090600,0.22522424387404855,1.0727087261516175
2020-01-03 05:00:00+00:00,BA,The Boeing Company,Industrials,Aerospace & Defense,328.67449366617245,332.90930760335885,328.34642846245924,330.7919006347656,330.7919006347656,3875900,0.6442261293155827,4.562879140899611
2020-01-03 05:00:00+00:00,BAC,Bank of America Corporation,Financial Services,Banks - Diversified,30.19083912355364,30.33756589902546,30.00095857615073,30.12179374694824,30.12179374694824,50357900,-0.22869644769673084,0.3366073228747304
2020-01-03 05:00:00+00:00,BIIB,Biogen Inc.,Healthcare,Drug Manufacturers - General,290.7699890136719,292.67999267578125,290.2200012207031,290.8500061035156,290.8500061035156,700100,0.027519033210813112,2.459991455078125
2020-01-03 05:00:00+00:00,BLK,"BlackRock, Inc.",Financial Services,Asset Management,433.9179162270898,438.22493206205337,433.7449335278077,435.5179138183594,435.5179138183594,337300,0.36873277904299073,4.479998534245681
2020-01-03 05:00:00+00:00,BMY,Bristol-Myers Squibb Company,Healthcare,Drug Manufacturers - General,49.75972921015311,50.33195513930035,49.712042705471866,49.89483642578125,49.89483642578125,12984600,0.2715191938797194,0.6199124338284818
2020-01-03 05:00:00+00:00,BRK-B,Berkshire Hathaway Inc.,Financial Services,Insurance - Diversified,225.69000244140625,227.42999267578125,225.47999572753903,226.17999267578125,226.17999267578125,3023900,0.21710763838651273,1.949996948242216
2020-01-03 05:00:00+00:00,C,Citigroup Inc.,Financial Services,Banks - Diversified,63.828518017281205,64.40440927239007,63.54856350562642,63.74852752685547,63.74852752685547,12437400,-0.1253209269312489,0.8558457667636503
2020-01-03 05:00:00+00:00,CAT,Caterpillar Inc.,Industrials,Farm & Heavy Construction Machinery,131.01482992502793,132.0628097797954,129.85236081085367,130.72421264648438,130.72421264648438,3100600,-0.2218201395291306,2.2104489689417335
2020-01-03 05:00:00+00:00,CB,Chubb Limited,Financial Services,Insurance - Property & Casualty,140.61453228795543,141.74119808431573,140.04212533866203,141.5413055419922,141.5413055419922,1176000,0.6590878189879273,1.6990727456536945
2020-01-03 05:00:00+00:00,CI,The Cigna Group,Healthcare,Healthcare Plans,184.77047136632905,186.94736674779267,183.6637405233833,185.8406219482422,185.8406219482422,1387300,0.5791783578835177,3.2836262244093746
2020-01-03 05:00:00+00:00,CL,Colgate-Palmolive Company,Consumer Defensive,Household & Personal Products,58.54628458486699,59.089982213848074,58.4082071413318,58.70162582397461,58.70162582397461,3473800,0.26533065284858964,0.6817750725162739
2020-01-03 05:00:00+00:00,CMCSA,Comcast Corporation,Communication Services,Telecom Services,35.3241746600787,35.6314769637448,35.11930431949275,35.466007232666016,35.466007232666016,21869659,0.40151701760100766,0.512172644252054
2020-01-03 05:00:00+00:00,CME,CME Group Inc.,Financial Services,Financial Data & Stock Exchanges,161.16561844580485,164.28221292767591,161.117549528227,163.88162231445312,163.88162231445312,1184900,1.6852253568968139,3.1646633994489264
2020-01-03 05:00:00+00:00,COF,Capital One Financial Corporation,Financial Services,Credit Services,91.9916131041468,92.4787169659,91.396253234236,92.00965118408205,92.00965118408205,1450100,0.019608396164148632,1.0824637316640064
2020-01-03 05:00:00+00:00,COP,ConocoPhillips,Energy,Oil & Gas E&P,53.83250735485042,53.90477359075801,52.25061439908821,52.75649642944336,52.75649642944336,6333200,-1.9988125730690316,1.6541591916698053
2020-01-03 05:00:00+00:00,COST,Costco Wholesale Corporation,Consumer Defensive,Discount Stores,264.819206538685,267.42129716694643,264.1618365679971,266.35308837890625,266.35308837890625,1926000,0.5792185016599829,3.2594605989493175
2020-01-03 05:00:00+00:00,CRM,"Salesforce, Inc.",Technology,Software - Application,163.07855618189987,164.76803534149954,163.01927885623266,164.17523193359375,164.17523193359375,3205400,0.6724831132737243,1.748756485266881
2020-01-03 05:00:00+00:00,CSCO,"Cisco Systems, Inc.",Technology,Communication Equipment,40.046047655564614,40.23829504981401,39.68662764371282,39.812007904052734,39.812007904052734,15577400,-0.5844265919195111,0.5516674061011955
2020-01-03 05:00:00+00:00,CSX,CSX Corporation,Industrials,Railroads,22.14399034859105,22.43309260906108,22.030195171137645,22.417715072631836,22.417715072631836,9978900,1.2361129124959283,0.4028974379234356
2020-01-03 05:00:00+00:00,CVS,CVS Health Corporation,Healthcare,Healthcare Plans,59.85910483290443,60.545821959519735,59.73647499251947,60.14523696899414,60.14523696899414,4453000,0.47800938034146134,0.8093469670002662
2020-01-03 05:00:00+00:00,CVX,Chevron Corporation,Energy,Oil & Gas Integrated,93.1856803854684,93.90496736152753,92.38987488467708,92.5964813232422,92.5964813232422,6360900,-0.6322849817578636,1.515092476850441
2020-01-03 05:00:00+00:00,DD,"DuPont de Nemours, Inc.",Basic Materials,Specialty Chemicals,23.319344225170276,23.393668027814847,22.996031533202185,23.100086212158203,23.100086212158203,14352667,-0.9402409042678478,0.39763649461266226
2020-01-03 05:00:00+00:00,DE,Deere & Company,Industrials,Farm & Heavy Construction Machinery,160.44680678093562,161.87434011626075,159.83894571688603,161.68093872070312,161.68093872070312,1301100,0.7691844820897664,2.0353943993747237
2020-01-03 05:00:00+00:00,DHR,Danaher Corporation,Healthcare,Diagnostics & Research,132.51610487148204,134.1398488758954,131.6524182105611,133.13796997070312,133.13796997070312,2627112,0.46927511174900993,2.4874306653343012
2020-01-03 05:00:00+00:00,DIS,The Walt Disney Company,Communication Services,Entertainment,143.03168932274747,144.4971780039548,142.68975090843216,143.12939453125,143.12939453125,7320200,0.06831018284490976,1.8074270955226268
2020-01-03 05:00:00+00:00,DOW,Dow Inc.,Basic Materials,Chemicals,38.03134032441944,38.382221049350655,37.53007941429407,37.53723907470703,37.53723907470703,5004300,-1.2991949415865096,0.8521416350565829
2020-01-03 05:00:00+00:00,ECL,Ecolab Inc.,Basic Materials,Specialty Chemicals,176.89680532849042,179.6543574148156,175.73374592641326,177.57212829589844,177.57212829589844,1251100,0.3817609742323913,3.9206114884023293
2020-01-03 05:00:00+00:00,EL,The Estée Lauder Companies Inc.,Consumer Defensive,Household & Personal Products,189.055860828881,190.9230375212361,188.316383654293,189.21299743652344,189.21299743652344,1076200,0.08311649633790323,2.6066538669431054
2020-01-03 05:00:00+00:00,ELV,"Elevance Health, Inc.",Healthcare,Healthcare Plans,270.76893187937293,276.16255740253024,270.76893187937293,273.71929931640625,273.71929931640625,986800,1.089625540328868,5.393625523157311
2020-01-03 05:00:00+00:00,EMR,Emerson Electric Co.,Industrials,Specialty Industrial Machinery,66.4700617639536,66.91611273099291,66.0852329553146,66.83739471435547,66.83739471435547,2672600,0.5526291696648864,0.8308797756783122
2020-01-03 05:00:00+00:00,EOG,"EOG Resources, Inc.",Energy,Oil & Gas E&P,64.62202191638666,65.5810047294975,63.47425669897195,64.17650604248047,64.17650604248047,3716200,-0.6894180353605062,2.1067480305255444
2020-01-03 05:00:00+00:00,ETN,Eaton Corporation plc,Industrials,Specialty Industrial Machinery,84.80010697028844,85.70902811183468,84.33214118063796,85.63703918457031,85.63703918457031,1557900,0.9869471209218056,1.3768869311967222
2020-01-03 05:00:00+00:00,FCX,Freeport-McMoRan Inc.,Basic Materials,Copper,12.091852022828878,12.17556498645386,11.896522070054909,11.905823707580566,11.905823707580566,20401300,-1.5384600712702914,0.27904291639895185
2020-01-03 05:00:00+00:00,FDX,FedEx Corporation,Industrials,Integrated Freight & Logistics,136.47751066760543,137.22925236704947,135.88685062277793,137.0860595703125,137.0860595703125,2216500,0.44589683657786494,1.342401744271541
2020-01-03 05:00:00+00:00,GD,General Dynamics Corporation,Industrials,Aerospace & Defense,154.00363440014442,156.1060372295604,154.00363440014442,155.88973999023438,155.88973999023438,1662200,1.2247149863939741,2.102402829415979
2020-01-03 05:00:00+00:00,GE,GE Aerospace,Industrials,Aerospace & Defense,56.08648663466517,58.1709444926969,55.89258142102183,58.025516510009766,58.025516510009766,17231837,3.4572140130206437,2.2783630716750665
2020-01-03 05:00:00+00:00,GILD,"Gilead Sciences, Inc.",Healthcare,Drug Manufacturers - General,51.25908215711255,51.845992322404335,51.2035642821249,51.608055114746094,51.608055114746094,4689700,0.6808021972846029,0.6424280402794338
2020-01-03 05:00:00+00:00,GOOGL,Alphabet Inc.,Communication Services,Internet Content & Information,66.89456517269056,68.17240862427808,66.86081596073402,67.56549072265625,67.56549072265625,23408000,1.0029597295889,1.3115926635440616
2020-01-03 05:00:00+00:00,GS,"The Goldman Sachs Group, Inc.",Financial Services,Capital Markets,200.8240171626565,201.69979932513343,199.69676401802133,200.80667114257812,200.80667114257812,2274500,-0.008637423114750565,2.0030353071121
2020-01-03 05:00:00+00:00,HAL,Halliburton Company,Energy,Oil & Gas Equipment & Services,22.66112580631004,22.804493799190183,22.024928842458262,22.18621826171875,22.18621826171875,11562600,-2.0956926352663836,0.7795649567319209
2020-01-03 05:00:00+00:00,HD,"The Home Depot, Inc.",Consumer Cyclical,Home Improvement Retail,187.80979194753533,190.00669538291172,187.4724717650014,189.3580017089844,189.3580017089844,3423200,0.8243498623764863,2.534223617910328
2020-01-03 05:00:00+00:00,HON,Honeywell International Inc.,Industrials,Conglomerates,148.3292141693579,149.5684719995339,147.55570474833456,148.76170349121094,148.76170349121094,2976317,0.2915739318616204,2.0127672511993353
2020-01-03 05:00:00+00:00,IBM,International Business Machines Corporation,Technology,Information Technology Services,98.08818712833796,99.03551404813332,98.08084400853132,98.65364837646484,98.65364837646484,2482890,0.5764825150525353,0.9546700396020071
2020-01-03 05:00:00+00:00,INTC,Intel Corporation,Technology,Semiconductors,52.75790978164171,53.54297091567734,52.75790978164171,53.01371383666992,53.01371383666992,15293900,0.48486389261241564,0.7850611340356295
2020-01-03 05:00:00+00:00,INTU,Intuit Inc.,Technology,Software - Application,251.1552540756288,254.7650024066925,250.9920641999387,253.8145751953125,253.8145751953125,798500,1.0588355515281898,3.7729382067537927
2020-01-03 05:00:00+00:00,ISRG,"Intuitive Surgical, Inc.",Healthcare,Medical Instruments & Supplies,196.05999755859375,198.19332885742188,194.05332946777344,197.77999877929688,197.77999877929688,1256100,0.8772830980930171,4.1399993896484375
2020-01-03 05:00:00+00:00,ITW,Illinois Tool Works Inc.,Industrials,Specialty Industrial Machinery,155.17687906867872,156.35779027855713,154.13488845743345,155.52420043945312,155.52420043945312,1400800,0.22382288705567452,2.222901821123685
2020-01-03 05:00:00+00:00,JNJ,Johnson & Johnson,Healthcare,Drug Manufacturers - General,121.20396970705195,122.78341801043824,120.78165622375214,121.86277770996094,121.86277770996094,5752400,0.5435531563044611,2.001761786686103
2020-01-03 05:00:00+00:00,JPM,JPMorgan Chase & Co.,Financial Services,Banks - Diversified,116.7523286915759,118.22128163569708,116.39570495142634,117.465576171875,117.465576171875,10386800,0.6109064275568202,1.825576684270743
2020-01-03 05:00:00+00:00,KO,The Coca-Cola Company,Consumer Defensive,Beverages - Non-Alcoholic,45.18773816349472,45.745099621078595,44.99640607309176,45.49553298950195,45.49553298950195,11354500,0.6811467856470107,0.7486935479868322
2020-01-03 05:00:00+00:00,LIN,Linde plc,Basic Materials,Specialty Chemicals,190.32047380431877,191.83460366668433,188.27411962911725,188.3567047119141,188.3567047119141,2899300,-1.0318223011696355,3.560484037567079
2020-01-03 05:00:00+00:00,LLY,Eli Lilly and Company,Healthcare,Drug Manufacturers - General,121.22113056399402,123.23993045041352,121.15600111817056,122.58870697021484,122.58870697021484,1963500,1.1281666817146712,2.0839293322429597
2020-01-03 05:00:00+00:00,LMT,Lockheed Martin Corporation,Industrials,Aerospace & Defense,343.34006928037115,354.51508639867023,342.4732728144976,351.6002197265625,351.6002197265625,2990100,2.405821861545125,12.041813584172644
2020-01-03 05:00:00+00:00,LOW,"Lowe's Companies, Inc.",Consumer Cyclical,Home Improvement Retail,105.91340608423197,106.90375185379308,105.32455570628557,106.70746612548828,106.70746612548828,2774200,0.7497257151987039,1.579196147507517
2020-01-03 05:00:00+00:00,MA,Mastercard Incorporated,Financial Services,Credit Services,289.1043748806253,291.9620364262614,288.2741286555389,290.04083251953125,290.04083251953125,2501300,0.3239167996999783,3.687907770722518
2020-01-03 05:00:00+00:00,MCD,McDonald's Corporation,Consumer Cyclical,Restaurants,173.5462212338409,174.5558719324353,173.07621875334107,174.14678955078125,174.14678955078125,2767600,0.3460566946779739,1.4796531790942424
2020-01-03 05:00:00+00:00,META,"Meta Platforms, Inc.",Communication Services,Internet Content & Information,205.77262467099823,208.940483432474,205.51441855073767,207.2224884033203,207.2224884033203,11188400,0.704595052252561,3.4260648817363233
2020-01-03 05:00:00+00:00,MMM,3M Company,Industrials,Conglomerates,118.68454303594756,119.7840896187906,117.75259884660346,119.64329528808594,119.64329528808594,2950412,0.8078155989091113,2.0314907721871407
2020-01-03 05:00:00+00:00,MPC,Marathon Petroleum Corporation,Energy,Oil & Gas Refining & Marketing,50.64319888779318,50.89201842082531,48.246228632760406,48.29599380493164,48.29599380493164,9671100,-4.634788351466681,2.645789788064903
2020-01-03 05:00:00+00:00,MRK,"Merck & Co., Inc.",Healthcare,Drug Manufacturers - General,71.55419008664369,72.65101452064357,71.4200436854489,72.00396728515625,72.00396728515625,5903698,0.6285826140550772,1.2309708351946682
2020-01-03 05:00:00+00:00,MS,Morgan Stanley,Financial Services,Capital Markets,42.15863974644012,42.34794993019443,41.8376353852986,42.14217758178711,42.14217758178711,6706000,-0.03904813995903108,0.5103145448958344
2020-01-03 05:00:00+00:00,MSFT,Microsoft Corporation,Technology,Software - Infrastructure,150.32188716953644,151.86953184497025,150.0750127579454,150.60671997070312,150.60671997070312,21116200,0.18948192211387396,1.7945190870248666
2020-01-03 05:00:00+00:00,NEM,Newmont Corporation,Basic Materials,Gold,36.7092664185169,36.952597181253054,35.90376099786686,35.93732452392578,35.93732452392578,9148900,-2.1028529575892936,1.048836183386193
2020-01-03 05:00:00+00:00,NFLX,"Netflix, Inc.",Communication Services,Entertainment,32.678001403808594,32.986000061035156,32.553001403808594,32.59000015258789,32.59000015258789,38069000,-0.26929814382848594,0.4329986572265625
2020-01-03 05:00:00+00:00,NKE,"NIKE, Inc.",Consumer Cyclical,Footwear & Accessories,92.788161122964,94.08880384835292,92.52987925803222,94.01500701904295,94.01500701904295,4541800,1.3222008941993415,1.5589245903207
2020-01-03 05:00:00+00:00,NOC,Northrop Grumman Corporation,Industrials,Aerospace & Defense,333.4225541768503,340.36905834646603,331.8104619610028,339.6354675292969,339.6354675292969,2600300,1.8633752499991836,8.558596385463261
2020-01-03 05:00:00+00:00,NOW,"ServiceNow, Inc.",Technology,Software - Application,57.380001068115234,58.61199951171875,57.29999923706055,58.220001220703125,58.220001220703125,5679000,1.4639249511179595,1.3120002746582031
2020-01-03 05:00:00+00:00,NSC,Norfolk Southern Corporation,Industrials,Railroads,170.05682871557616,173.0496967334945,170.05682871557616,172.91766357421875,172.91766357421875,2003700,1.6822816703393904,2.9928680179183402
2020-01-03 05:00:00+00:00,NUE,Nucor Corporation,Basic Materials,Steel,48.50289507401172,48.88557873793344,48.262605094693434,48.404998779296875,48.404998779296875,2837400,-0.20183598229644006,0.6229736432400088
2020-01-03 05:00:00+00:00,NVDA,NVIDIA Corporation,Technology,Semiconductors,5.851361830304913,5.9193084896201915,5.826472914547734,5.875504016876221,5.875504016876221,205384000,0.4125909022797523,0.09283557507245721
2020-01-03 05:00:00+00:00,ORCL,Oracle Corporation,Technology,Software - Infrastructure,48.44361171836717,49.41266453067912,48.40704276651199,49.14754486083984,49.14754486083984,11026700,1.4530979782536961,1.005621764167131
2020-01-03 05:00:00+00:00,OXY,Occidental Petroleum Corporation,Energy,Oil & Gas E&P,39.985251559116534,40.38683693284698,39.40112263142367,39.802711486816406,39.802711486816406,15097400,-0.4565185041545884,0.9857143014233145
2020-01-03 05:00:00+00:00,PEP,"PepsiCo, Inc.",Consumer Defensive,Beverages - Non-Alcoholic,112.81420165367592,113.92184498693804,112.53936855704598,112.95578002929688,112.95578002929688,4000100,0.12549694413082693,1.3824764298920655
2020-01-03 05:00:00+00:00,PFE,Pfizer Inc.,Healthcare,Drug Manufacturers - General,27.199808088658983,27.565094738357583,27.16468344896972,27.347328186035156,27.347328186035156,14922848,0.5423571258125229,0.40041128938786485
2020-01-03 05:00:00+00:00,PG,The Procter & Gamble Company,Consumer Defensive,Household & Personal Products,104.4551733251067,105.62661302001854,104.19865016015903,104.81430053710938,104.81430053710938,7970500,0.3438098856864914,1.4279628598595053
2020-01-03 05:00:00+00:00,PM,Philip Morris International Inc.,Consumer Defensive,Tobacco,62.64212036132812,63.31252562711044,62.51688167012317,62.642120361328125,62.642120361328125,3806700,1.1342890880155315e-14,0.79564395698727
2020-01-03 05:00:00+00:00,PSX,Phillips 66,Energy,Oil & Gas Refining & Marketing,86.84481852357113,87.75815136541353,84.45610002776309,84.6902847290039,84.6902847290039,2236900,-2.480900796611662,3.3020513376504397
2020-01-03 05:00:00+00:00,QCOM,QUALCOMM Incorporated,Technology,Semiconductors,76.39443104429047,76.72711123295169,75.67653729447382,76.18431091308594,76.18431091308594,8340300,-0.27504639845110435,1.0505739384778678
2020-01-03 05:00:00+00:00,REGN,"Regeneron Pharmaceuticals, Inc.",Healthcare,Biotechnology,366.1791289532426,370.2963093475814,365.0255232922577,367.1239013671875,367.1239013671875,500800,0.2580082640552558,5.270786055323754
2020-01-03 05:00:00+00:00,RTX,RTX Corporation,Industrials,Aerospace & Defense,82.33286436861103,84.36213783013275,82.10375007548464,83.65298461914062,83.65298461914062,4969756,1.6033940524883366,2.258387754648112
2020-01-03 05:00:00+00:00,SBUX,Starbucks Corporation,Consumer Cyclical,Restaurants,77.61766172314152,78.00285647915368,77.1274035294905,77.76648712158203,77.76648712158203,4874100,0.19174166695636974,0.8754529496631847
2020-01-03 05:00:00+00:00,SCHW,The Charles Schwab Corporation,Financial Services,Capital Markets,43.643039935760854,43.7902338635109,43.146262622966965,43.24745559692383,43.24745559692383,6698900,-0.9064087639616643,0.6439712405439337
2020-01-03 05:00:00+00:00,SHW,The Sherwin-Williams Company,Basic Materials,Specialty Chemicals,178.6662277534461,180.62246455049612,178.33438707921607,178.38494873046875,178.38494873046875,1635600,-0.15743267572957353,2.2880774712800473
2020-01-03 05:00:00+00:00,SLB,SLB N.V.,Energy,Oil & Gas Equipment & Services,35.59493728745126,35.71648044586144,34.7267680853183,35.21294403076172,35.21294403076172,9752000,-1.0731673822170473,0.9897123605431446
2020-01-03 05:00:00+00:00,SPGI,S&P Global Inc.,Financial Services,Financial Data & Stock Exchanges,261.1943332452241,264.6667999563818,260.6996394198385,263.4395446777344,263.4395446777344,576800,0.8595942356844207,3.967160536543304
2020-01-03 05:00:00+00:00,T,AT&T Inc.,Communication Services,Telecom Services,18.847010877886586,19.149891189352516,18.842125552389646,19.081499099731445,19.081499099731445,36296666,1.2441666392838313,0.30776563696286985
2020-01-03 05:00:00+00:00,TFC,Truist Financial Corporation,Financial Services,Banks - Regional,42.54580537614891,42.65946117763381,42.174522820859465,42.58369064331055,42.58369064331055,4434300,0.08904583384117278,0.48493835677434305
2020-01-03 05:00:00+00:00,TGT,Target Corporation,Consumer Defensive,Discount Stores,106.35146328920536,107.093684138309,105.72867391863583,106.43677520751952,106.43677520751952,5018500,0.08021696709726481,1.3650102196731666
2020-01-03 05:00:00+00:00,TJX,"The TJX Companies, Inc.",Consumer Cyclical,Apparel Retail,56.4800735499544,56.961149135008185,56.22103420767403,56.655853271484375,56.655853271484375,3229200,0.31122431413710394,0.7401149273341545
2020-01-03 05:00:00+00:00,TMO,Thermo Fisher Scientific Inc.,Healthcare,Diagnostics & Research,316.52386261508394,320.2751227326264,316.3761510765658,317.84320068359375,317.84320068359375,819600,0.4168210439521329,3.89897165606061
2020-01-03 05:00:00+00:00,TSLA,"Tesla, Inc.",Consumer Cyclical,Auto Manufacturers,29.36666679382324,30.266666412353516,29.128000259399418,29.534000396728516,29.534000396728516,266677500,0.5698079529423226,1.138666152954098
2020-01-03 05:00:00+00:00,TXN,Texas Instruments Incorporated,Technology,Semiconductors,106.72120149235796,108.2199544324933,106.5286279747259,107.04774475097656,107.04774475097656,4057200,0.3059778694882688,1.6913264577674028
2020-01-03 05:00:00+00:00,UNH,UnitedHealth Group Incorporated,Healthcare,Healthcare Plans,260.5004137041351,264.68084008705466,257.861581988846,262.55889892578125,262.55889892578125,2711400,0.7902042044294365,6.81925809820865
2020-01-03 05:00:00+00:00,UNP,Union Pacific Corporation,Industrials,Railroads,157.1695802189439,158.61400071571003,156.07532833846972,158.43016052246094,158.43016052246094,2344200,0.8020510723264573,2.5386723772403172
2020-01-03 05:00:00+00:00,UPS,"United Parcel Service, Inc.",Industrials,Integrated Freight & Logistics,90.51573613086696,92.00373025302508,90.4133834515294,91.8935089111328,91.8935089111328,2477800,1.5221361932845245,1.5903468014956843
2020-01-03 05:00:00+00:00,USB,U.S. Bancorp,Financial Services,Banks - Regional,45.167695361436216,45.40704660229836,44.79708898370358,45.1754150390625,45.1754150390625,5161800,0.01709114792001271,0.6099576185947768
2020-01-03 05:00:00+00:00,V,Visa Inc.,Financial Services,Credit Services,180.21710604964989,182.6562237263828,179.74840815564195,181.35536193847656,181.35536193847656,4899700,0.6316025785660364,2.907815570740837
2020-01-03 05:00:00+00:00,VLO,Valero Energy Corporation,Energy,Oil & Gas Refining & Marketing,73.41068857691103,73.64411126860038,70.68745154273489,71.20875549316406,71.20875549316406,5057000,-2.9994720475071426,2.9566597258654923
2020-01-03 05:00:00+00:00,VMC,Vulcan Materials Company,Basic Materials,Building Materials,134.29203549228563,136.42004126401787,133.9500348235403,134.9950408935547,134.9950408935547,906800,0.5234900183707742,2.4700064404775617
2020-01-03 05:00:00+00:00,VRTX,Vertex Pharmaceuticals Incorporated,Healthcare,Biotechnology,216.16000366210935,219.88999938964844,214.5500030517578,217.97999572753903,217.97999572753903,943400,0.8419652269596597,5.339996337890625
2020-01-03 05:00:00+00:00,VZ,Verizon Communications Inc.,Communication Services,Telecom Services,42.289150587334625,42.42874230808439,41.92621317838148,42.15653991699219,42.15653991699219,13263200,-0.3135808322008563,0.5025291297029071
2020-01-03 05:00:00+00:00,WFC,Wells Fargo & Company,Financial Services,Banks - Diversified,45.28150724373544,45.71633105140637,45.10246233777712,45.54581069946289,45.54581069946289,15608800,0.583689615950264,0.6138687136292518
2020-01-03 05:00:00+00:00,WM,"Waste Management, Inc.",Industrials,Waste Management,102.62353830382985,104.72770599570754,102.57818708837976,104.6007308959961,104.6007308959961,1424900,1.9266462888002562,2.1495189073277743
2020-01-03 05:00:00+00:00,WMT,Walmart Inc.,Consumer Defensive,Discount Stores,36.2285925824949,36.38788201907206,36.02029532612969,36.11219024658203,36.11219024658203,16197600,-0.32129963549594287,0.3675866929423677
2020-01-03 05:00:00+00:00,XOM,Exxon Mobil Corporation,Energy,Oil & Gas Integrated,53.994734036412126,54.01744483175625,53.10163908316943,53.23030471801758,53.23030471801758,17386900,-1.4157479095628918,0.9158057485868198
2020-01-03 05:00:00+00:00,ZTS,Zoetis Inc.,Healthcare,Drug Manufacturers - Specialty & Generic,125.4008530957729,127.70101219791628,125.20208265148804,126.9910888671875,126.9910888671875,1274000,1.2681219721847352,2.4989295464282435
2020-01-06 05:00:00+00:00,AAPL,Apple Inc.,Technology,Consumer Electronics,70.81920816221287,72.3065062028637,70.56851011431775,72.26793670654297,72.26793670654297,118387200,2.045671763247835,1.7379960885459553
2020-01-06 05:00:00+00:00,ABBV,AbbVie Inc.,Healthcare,Drug Manufacturers - General,68.23741115224772,69.32030027504626,68.051774871596,69.15013122558594,69.15013122558594,6786600,1.3375655053820963,1.268525403450269
2020-01-06 05:00:00+00:00,ABT,Abbott Laboratories,Healthcare,Medical Devices,76.62361817613329,77.28586195031833,76.25669499173127,77.26795959472656,77.26795959472656,5631700,0.8409175055035057,1.0291669585870693
2020-01-06 05:00:00+00:00,ADBE,Adobe Inc.,Technology,Software - Application,328.2900085449219,333.9100036621094,328.19000244140625,333.7099914550781,333.7099914550781,1874700,1.6509740683791179,5.720001220703125
2020-01-06 05:00:00+00:00,AIG,"American International Group, Inc.",Financial Services,Insurance - Diversified,43.7467749113291,44.18312893658222,43.669770875831375,43.977787017822266,43.977787017822266,2699700,0.5280665991068124,0.5133580607508463
2020-01-06 05:00:00+00:00,AMAT,"Applied Materials, Inc.",Technology,Semiconductor Equipment & Materials,56.55215758196843,57.12854607856321,56.032464276752066,56.5899543762207,56.5899543762207,8586000,0.06683528245140634,1.0960818018111453
2020-01-06 05:00:00+00:00,AMD,"Advanced Micro Devices, Inc.",Technology,Semiconductors,48.02000045776367,48.86000061035156,47.86000061035156,48.38999938964844,48.38999938964844,47934900,0.7705100548889016,1.0
2020-01-06 05:00:00+00:00,AMGN,Amgen Inc.,Healthcare,Drug Manufacturers - General,197.19648803037632,199.89837923756116,196.66442380776255,199.773681640625,199.773681640625,1802800,1.3069165865934143,3.2339554297986126
2020-01-06 05:00:00+00:00,AMZN,"Amazon.com, Inc.",Consumer Cyclical,Internet Retail,93.0,95.18450164794922,93.0,95.1439971923828,95.1439971923828,81236000,2.305373325142794,2.1845016479492188
2020-01-06 05:00:00+00:00,APD,"Air Products and Chemicals, Inc.",Basic Materials,Specialty Chemicals,194.6414376193854,197.23492786450004,194.45990068928455,195.2898101806641,195.2898101806641,1737400,0.33311126819076786,2.7750271752154845
2020-01-06 05:00:00+00:00,AVGO,Broadcom Inc.,Technology,Semiconductors,26.74275436964208,27.00687068367828,26.63779669899279,26.98966407775879,26.98966407775879,20789000,0.9232770293736025,0.3690739846854889
2020-01-06 05:00:00+00:00,AXP,American Express Company,Financial Services,Credit Services,114.08668012055696,114.81723519665476,113.85549207325889,114.7247543334961,114.7247543334961,2855200,0.5592889654295041,0.9617431233958769
2020-01-06 05:00:00+00:00,BA,The Boeing Company,Industrials,Aerospace & Defense,327.35234074728356,332.8794536620254,325.94075633582884,331.7660827636719,331.7660827636719,5355000,1.3483153981158567,6.938697326196575
2020-01-06 05:00:00+00:00,BAC,Bank of America Corporation,Financial Services,Banks - Diversified,29.69887084045883,30.121785592708907,29.6643465152913,30.078628540039062,30.078628540039062,42185000,1.278694067596964,0.45743907741760736
2020-01-06 05:00:00+00:00,BIIB,Biogen Inc.,Healthcare,Drug Manufacturers - General,290.239990234375,291.19000244140625,288.20001220703125,290.82000732421875,290.82000732421875,1271000,0.19984051452571158,2.989990234375
2020-01-06 05:00:00+00:00,BLK,"BlackRock, Inc.",Financial Services,Asset Management,432.57751723768246,436.5558565321198,431.14184487931846,435.8899230957031,435.8899230957031,411300,0.7657369433281586,5.414011652801321
2020-01-06 05:00:00+00:00,BMY,Bristol-Myers Squibb Company,Healthcare,Drug Manufacturers - General,49.9902158781607,50.26043337600103,49.80741910253453,50.05379486083984,50.05379486083984,11311400,0.1271828528088341,0.4530142734665006
2020-01-06 05:00:00+00:00,BRK-B,Berkshire Hathaway Inc.,Financial Services,Insurance - Diversified,224.9900054931641,227.1300048828125,224.6999969482422,226.9900054931641,226.9900054931641,4263000,0.8889283751143187,2.4300079345703125
2020-01-06 05:00:00+00:00,C,Citigroup Inc.,Financial Services,Banks - Diversified,62.96469227157893,63.62857450057795,62.96469227157893,63.548583984375,63.548583984375,10059500,0.9273319565791394,0.6638822289990145
2020-01-06 05:00:00+00:00,CAT,Caterpillar Inc.,Industrials,Farm & Heavy Construction Machinery,129.69386179327532,130.8298990453449,129.05097497843383,130.6361541748047,130.6361541748047,2549600,0.7265512557805787,1.7789240669110598
2020-01-06 05:00:00+00:00,CB,Chubb Limited,Financial Services,Insurance - Property & Casualty,141.13246054870626,142.73158726198685,140.84170267496515,142.70433044433594,142.70433044433594,1281800,1.113755042262022,1.8898845870216974
2020-01-06 05:00:00+00:00,CI,The Cigna Group,Healthcare,Healthcare Plans,184.7613483926246,189.480998067487,184.71561259427548,189.261474609375,189.261474609375,1243000,2.4356426578937227,4.7653854732115235
2020-01-06 05:00:00+00:00,CL,Colgate-Palmolive Company,Consumer Defensive,Household & Personal Products,58.75343651775928,59.417948087537965,58.69302637505213,59.10726547241211,59.10726547241211,4607500,0.6022268238656558,0.7249217124858376
2020-01-06 05:00:00+00:00,CMCSA,Comcast Corporation,Communication Services,Telecom Services,35.19022473593124,35.35569447889019,35.10354980321816,35.19810485839844,35.19810485839844,18809289,0.022392930213807647,0.25214467567203513
2020-01-06 05:00:00+00:00,CME,CME Group Inc.,Financial Services,Financial Data & Stock Exchanges,164.3142543937009,165.27566941806066,163.1765785219521,164.5546112060547,164.5546112060547,1329800,0.14627873475777714,2.0990908961085495
2020-01-06 05:00:00+00:00,COF,Capital One Financial Corporation,Financial Services,Credit Services,90.9993485800922,91.22486243580606,90.25966340863616,91.17976379394533,91.17976379394533,1526300,0.19825989599731356,0.965199027169902
2020-01-06 05:00:00+00:00,COP,ConocoPhillips,Energy,Oil & Gas E&P,53.22223353942104,53.752210450836294,52.901035968230055,53.382835388183594,53.382835388183594,8823800,0.301757062945503,0.8511744826062397
2020-01-06 05:00:00+00:00,COST,Costco Wholesale Corporation,Consumer Defensive,Discount Stores,265.2757429154208,266.6635396021844,263.51363566228264,266.4261474609375,266.4261474609375,2655100,0.43366367873428624,3.149903939901776
2020-01-06 05:00:00+00:00,CRM,"Salesforce, Inc.",Technology,Software - Application,163.0192688290777,171.58518860029534,162.47586825119092,171.36782836914062,171.36782836914062,8836200,5.121210271661942,9.109320349104422
2020-01-06 05:00:00+00:00,CSCO,"Cisco Systems, Inc.",Technology,Communication Equipment,39.40244169417432,39.97082677528642,39.29377899640357,39.95410919189453,39.95410919189453,22183600,1.4000845480643767,0.6770477788828515
2020-01-06 05:00:00+00:00,CSX,CSX Corporation,Industrials,Railroads,22.1993503379419,22.374657424956247,22.06402695837087,22.300844192504883,22.300844192504883,14636400,0.4571929043775398,0.3106304665853763
2020-01-06 05:00:00+00:00,CVS,CVS Health Corporation,Healthcare,Healthcare Plans,59.77736197082961,60.447731455679886,59.72830628554832,60.382328033447266,60.382328033447266,4620700,1.012032051385723,0.719425170131565
2020-01-06 05:00:00+00:00,CVX,Chevron Corporation,Energy,Oil & Gas Integrated,92.77247858223512,93.10151351134404,92.07615237848658,92.28275299072266,92.28275299072266,9953000,-0.5278780938016723,1.025361132857455
2020-01-06 05:00:00+00:00,DD,"DuPont de Nemours, Inc.",Basic Materials,Specialty Chemicals,22.996029480396945,23.215287473836337,22.929139249834897,22.93657112121582,22.93657112121582,13429410,-0.2585592405498114,0.28614822400144035
2020-01-06 05:00:00+00:00,DE,Deere & Company,Industrials,Farm & Heavy Construction Machinery,160.69544635168282,162.90584612184924,160.01391801651212,162.84136962890625,162.84136962890625,1234200,1.3353976891959136,2.891928105337115
2020-01-06 05:00:00+00:00,DHR,Danaher Corporation,Healthcare,Diagnostics & Research,132.53341440552245,133.6648488428117,132.36931107148965,133.53529357910156,133.53529357910156,3101323,0.7559445880671176,1.2955377713220457
2020-01-06 05:00:00+00:00,DIS,The Walt Disney Company,Communication Services,Entertainment,142.19148042511122,142.67021211195728,140.98978383665877,142.2989501953125,142.2989501953125,8262500,0.07558101925655013,1.6804282752985102
2020-01-06 05:00:00+00:00,DOW,Dow Inc.,Basic Materials,Chemicals,37.46563363569742,37.86664293251674,37.23648624655848,37.386863708496094,37.386863708496094,4293100,-0.21024581611847112,0.6301566859582621
2020-01-06 05:00:00+00:00,ECL,Ecolab Inc.,Basic Materials,Specialty Chemicals,176.64354950241224,177.54397055305878,176.0338754022677,176.06202697753906,176.06202697753906,1294800,-0.32920677064703,1.5100951507910736
2020-01-06 05:00:00+00:00,EL,The Estée Lauder Companies Inc.,Consumer Defensive,Household & Personal Products,188.39034766377517,191.80117564642524,188.0575836141421,191.67176818847656,191.67176818847656,2428900,1.7418198784567347,3.7435920322831464
2020-01-06 05:00:00+00:00,ELV,"Elevance Health, Inc.",Healthcare,Healthcare Plans,272.6775763914522,277.1123303279734,271.77401926350984,277.01092529296875,277.01092529296875,1308700,1.589184178201607,5.338311064463539
2020-01-06 05:00:00+00:00,EMR,Emerson Electric Co.,Industrials,Specialty Industrial Machinery,66.3651256320286,67.42339848603888,66.25142921179693,67.38842010498047,67.38842010498047,3787200,1.5419159734974133,1.1719692742419454
2020-01-06 05:00:00+00:00,EOG,"EOG Resources, Inc.",Energy,Oil & Gas E&P,64.8636377283661,67.42344783783733,64.77302289085227,66.78160858154297,66.78160858154297,8485500,2.9569276721865125,2.650424946985055
2020-01-06 05:00:00+00:00,ETN,Eaton Corporation plc,Industrials,Specialty Industrial Machinery,85.07909666139828,85.88003111630844,84.83611253432788,85.79903411865234,85.79903411865234,3665200,0.8461978153333037,1.043918581980563
2020-01-06 05:00:00+00:00,FCX,Freeport-McMoRan Inc.,Basic Materials,Copper,11.747697131472382,12.026739993562895,11.65468254842461,11.9523286819458,11.9523286819458,19145300,1.741886500675998,0.3720574451382852
2020-01-06 05:00:00+00:00,FDX,FedEx Corporation,Industrials,Integrated Freight & Logistics,135.3588476688144,137.41719981903387,134.39231673769527,137.19346618652344,137.19346618652344,2389700,1.3553739185175653,3.0248830813386007
2020-01-06 05:00:00+00:00,GD,General Dynamics Corporation,Industrials,Aerospace & Defense,157.07510100670464,158.31231521883083,156.599244309064,157.54229736328125,157.54229736328125,1957000,0.2974350190337715,1.7130709097668273
2020-01-06 05:00:00+00:00,GE,GE Aerospace,Industrials,Aerospace & Defense,57.395329381586016,59.188931221840406,57.395329381586016,58.84960174560547,58.84960174560547,22461009,2.5337817200261985,1.7936018402543894
2020-01-06 05:00:00+00:00,GILD,"Gilead Sciences, Inc.",Healthcare,Drug Manufacturers - General,51.2908243463167,52.21084206332519,51.28289754085722,52.06808090209961,52.06808090209961,8248700,1.5153910386287817,0.9279445224679677
2020-01-06 05:00:00+00:00,GOOGL,Alphabet Inc.,Communication Services,Internet Content & Information,67.07470353986153,69.39170027421379,67.04344557379943,69.36639404296875,69.36639404296875,46768000,3.416624125286369,2.3482547004143584
2020-01-06 05:00:00+00:00,GS,"The Goldman Sachs Group, Inc.",Financial Services,Capital Markets,199.375975858198,202.92249035971935,198.99445593172587,202.86178588867188,202.86178588867188,3329300,1.7483601098224066,3.928034427993481
2020-01-06 05:00:00+00:00,HAL,Halliburton Company,Energy,Oil & Gas Equipment & Services,22.40126747413849,22.8224106873831,22.1772547993971,22.7507266998291,22.7507266998291,14422600,1.559997558593733,0.6451558879860002
2020-01-06 05:00:00+00:00,HD,"The Home Depot, Inc.",Consumer Cyclical,Home Improvement Retail,187.24762569681073,190.28350782040664,187.1697724133529,190.24891662597656,190.24891662597656,5682800,1.602845920207015,3.1137354070537526
2020-01-06 05:00:00+00:00,HON,Honeywell International Inc.,Industrials,Conglomerates,147.91342165215175,148.36254072188353,147.1565548958241,147.63894653320312,147.63894653320312,3477852,-0.18556471473840488,1.2059858260594467
2020-01-06 05:00:00+00:00,IBM,International Business Machines Corporation,Technology,Information Technology Services,97.97801924278612,98.58019013592428,97.8164589112886,98.47738647460938,98.47738647460938,2537073,0.509672716066899,0.7637312246356771
2020-01-06 05:00:00+00:00,INTC,Intel Corporation,Technology,Semiconductors,52.5638619340923,53.101938587559786,52.334519496750936,52.863773345947266,52.863773345947266,17755200,0.57056578573129,0.7674190908088505
2020-01-06 05:00:00+00:00,INTU,Intuit Inc.,Technology,Software - Application,251.42428159937583,255.9748508185406,251.30905246765437,255.76364135742188,255.76364135742188,1026100,1.7259111691369813,4.665798350886234
2020-01-06 05:00:00+00:00,ISRG,"Intuitive Surgical, Inc.",Healthcare,Medical Instruments & Supplies,196.6666717529297,199.2066650390625,195.98333740234375,198.586669921875,198.586669921875,1574400,0.976270230147275,3.22332763671875
2020-01-06 05:00:00+00:00,ITW,Illinois Tool Works Inc.,Industrials,Specialty Industrial Machinery,154.5951384155378,155.07271537083918,153.5184339157289,155.029296875,155.029296875,1587300,0.28083577783359365,1.5542814551102708
2020-01-06 05:00:00+00:00,JNJ,Johnson & Johnson,Healthcare,Drug Manufacturers - General,121.62628654035086,121.79520936072656,120.65497065720182,121.71075439453124,121.71075439453124,7731300,0.06944868299695343,1.1402387035247443
2020-01-06 05:00:00+00:00,JPM,JPMorgan Chase & Co.,Financial Services,Banks - Diversified,115.954145925651,117.4061257995414,115.90320153645402,117.37215423583984,117.37215423583984,10259000,1.2229043635042216,1.5029242630873796
2020-01-06 05:00:00+00:00,KO,The Coca-Cola Company,Consumer Defensive,Beverages - Non-Alcoholic,45.46226609363825,45.67855360594224,45.35412075080028,45.47890090942383,45.47890090942383,14698300,0.03659037970372343,0.3244328551419642
2020-01-06 05:00:00+00:00,LIN,Linde plc,Basic Materials,Specialty Chemicals,187.7510315844264,189.35691768154857,187.3747920525689,187.55831909179688,187.55831909179688,2395300,-0.10264257458573894,1.9821256289796736
2020-01-06 05:00:00+00:00,LLY,Eli Lilly and Company,Healthcare,Drug Manufacturers - General,122.26312539661475,123.32369372921715,121.81657404489044,123.04459381103516,123.04459381103516,2102900,0.6391693422570071,1.5071196843267103
2020-01-06 05:00:00+00:00,LMT,Lockheed Martin Corporation,Industrials,Aerospace & Defense,355.21192506887513,355.21192506887513,346.45889610261963,351.0648498535156,351.0648498535156,2477800,-1.167493240705642,8.7530289662555
2020-01-06 05:00:00+00:00,LOW,"Lowe's Companies, Inc.",Consumer Cyclical,Home Improvement Retail,105.85987522756317,107.412306364403,105.54760557460226,107.37661743164062,107.37661743164062,3635400,1.4327829130886216,1.864700789800736
2020-01-06 05:00:00+00:00,MA,Mastercard Incorporated,Financial Services,Credit Services,287.07712579492596,290.90984235392887,285.78346721203843,290.8133239746094,290.8133239746094,3307200,1.3014614694005167,5.126375141890435
2020-01-06 05:00:00+00:00,MCD,McDonald's Corporation,Consumer Cyclical,Restaurants,173.7289839117216,176.4881048739087,173.5113874956403,176.10513305664062,176.10513305664062,4660400,1.3677332886068332,2.976717378268404
2020-01-06 05:00:00+00:00,META,"Meta Platforms, Inc.",Communication Services,Internet Content & Information,205.2661472847003,211.30397297299496,205.08740319354132,211.1252288818359,211.1252288818359,17058900,2.8543827974756906,6.216569779453636
2020-01-06 05:00:00+00:00,MMM,3M Company,Industrials,Conglomerates,118.77172095005444,119.81763938470398,118.23535158083364,119.75729370117188,119.75729370117188,2389608,0.8298042187431813,1.5822878038703436
2020-01-06 05:00:00+00:00,MPC,Marathon Petroleum Corporation,Energy,Oil & Gas Refining & Marketing,47.873011727151514,48.71070508246315,47.292430576345936,48.28771209716797,48.28771209716797,7878000,0.866250847930786,1.4182745061172142
2020-01-06 05:00:00+00:00,MRK,"Merck & Co., Inc.",Healthcare,Drug Manufacturers - General,71.98819054298224,72.39062345183339,71.79880701041212,72.31171417236328,72.31171417236328,7522963,0.44941208681703937,0.5918164414212725
2020-01-06 05:00:00+00:00,MS,Morgan Stanley,Financial Services,Capital Markets,41.70592782437878,42.01047308590259,41.533079847731926,41.99401092529297,41.99401092529297,7476700,0.6907485720669897,0.4773932381706629
2020-01-06 05:00:00+00:00,MSFT,Microsoft Corporation,Technology,Software - Infrastructure,149.1445317269712,151.06248810455452,148.6033204049661,150.9960174560547,150.9960174560547,20813700,1.2414036958947192,2.45916769958842
2020-01-06 05:00:00+00:00,NEM,Newmont Corporation,Basic Materials,Gold,36.71765303420801,36.79316936196167,36.06318032753893,36.298118591308594,36.298118591308594,10416400,-1.1425960218877813,0.7299890344227364
2020-01-06 05:00:00+00:00,NFLX,"Netflix, Inc.",Communication Services,Entertainment,32.3120002746582,33.63600158691406,32.119998931884766,33.58300018310547,33.58300018310547,56631000,3.933522832518948,1.5160026550292969
2020-01-06 05:00:00+00:00,NKE,"NIKE, Inc.",Consumer Cyclical,Footwear & Accessories,93.12024052388485,93.9412109026424,93.0464507316679,93.93199157714844,93.93199157714844,4612400,0.8717235358250413,0.894760170974493
2020-01-06 05:00:00+00:00,NOC,Northrop Grumman Corporation,Industrials,Aerospace & Defense,344.1095599649173,346.20165686679763,337.4347443401517,340.378173828125,340.378173828125,2130000,-1.0843599164093938,8.76691252664591
2020-01-06 05:00:00+00:00,NOW,"ServiceNow, Inc.",Technology,Software - Application,57.03799819946289,58.68199920654297,56.91999816894531,58.57400131225586,58.57400131225586,7370000,2.6929470901512684,1.7620010375976562
2020-01-06 05:00:00+00:00,NSC,Norfolk Southern Corporation,Industrials,Railroads,171.79977470554408,172.68003179586196,170.94592425340312,172.46876525878906,172.46876525878906,2076800,0.3894012983379032,1.734107542458844
2020-01-06 05:00:00+00:00,NUE,Nucor Corporation,Basic Materials,Steel,48.244812678846216,48.61859827869478,47.844329320056225,47.99562454223633,47.99562454223633,2239000,-0.5165076259465899,0.774268958638558
2020-01-06 05:00:00+00:00,NVDA,NVIDIA Corporation,Technology,Semiconductors,5.782172259318857,5.905371684641664,5.756039105428163,5.900145053863525,5.900145053863525,262636000,2.0402850218538027,0.14933257921350052
2020-01-06 05:00:00+00:00,ORCL,Oracle Corporation,Technology,Software - Infrastructure,48.78185674559474,49.549787154910945,48.77271276562541,49.40351486206055,49.40351486206055,10982400,1.2743633759326893,0.7770743892855378
2020-01-06 05:00:00+00:00,OXY,Occidental Petroleum Corporation,Energy,Oil & Gas E&P,40.14041131040064,41.48207693659392,39.8757283601773,41.11699676513672,41.11699676513672,16659700,2.432923387815516,1.6063485764166217
2020-01-06 05:00:00+00:00,PEP,"PepsiCo, Inc.",Consumer Defensive,Beverages - Non-Alcoholic,112.68097058317969,113.5304537230723,112.59768318810052,113.38886260986328,113.38886260986328,4085100,0.6282267742458236,0.9327705349717803
2020-01-06 05:00:00+00:00,PFE,Pfizer Inc.,Healthcare,Drug Manufacturers - General,27.27004964374865,27.396496629250752,27.185754477845673,27.312198638916016,27.312198638916016,15771951,0.15456149041895326,0.21074215140507846
2020-01-06 05:00:00+00:00,PG,The Procter & Gamble Company,Consumer Defensive,Household & Personal Products,104.80575841101827,105.33590329340574,104.64329328887494,104.9596710205078,104.9596710205078,6674400,0.14685510779467142,0.6926100045307919
2020-01-06 05:00:00+00:00,PM,Philip Morris International Inc.,Consumer Defensive,Tobacco,62.55371754753706,63.43776261785597,62.155895579707106,63.371456146240234,63.371456146240234,7041400,1.3072581946576405,1.2818670381488602
2020-01-06 05:00:00+00:00,PNC,"The PNC Financial Services Group, Inc.",Financial Services,Banks - Regional,125.74996748979925,126.21127862067402,125.23296162649658,126.07606506347656,126.07606506347656,1335500,0.2593221932274209,0.9783169941774474
2020-01-06 05:00:00+00:00,PSX,Phillips 66,Energy,Oil & Gas Refining & Marketing,84.49510911112613,84.6512381664076,83.6910638324986,84.15943908691406,84.15943908691406,3917100,-0.39726562607380966,0.960174333908995
2020-01-06 05:00:00+00:00,QCOM,QUALCOMM Incorporated,Technology,Semiconductors,75.21255165046726,75.77285877534555,74.88862138039569,75.73783874511719,75.73783874511719,8381400,0.6984035019727487,0.8842373949498636
2020-01-06 05:00:00+00:00,REGN,"Regeneron Pharmaceuticals, Inc.",Healthcare,Biotechnology,366.1989862520875,370.0874237356894,362.4895486691925,369.6896057128906,369.6896057128906,690800,0.9532029284210635,7.597875066496897
2020-01-06 05:00:00+00:00,RTX,RTX Corporation,Industrials,Aerospace & Defense,83.70751932178348,83.92026591853049,83.1892958584857,83.8329849243164,83.8329849243164,4139504,0.14988570148712616,0.7309700600447826
2020-01-06 05:00:00+00:00,SBUX,Starbucks Corporation,Consumer Cyclical,Restaurants,77.1361575156458,77.39879606399745,76.57586817972633,77.1536636352539,77.1536636352539,5409800,0.022695089011336225,0.8229278842711238
2020-01-06 05:00:00+00:00,SCHW,The Charles Schwab Corporation,Financial Services,Capital Markets,42.91627507628946,43.59704572663514,42.861076033269406,43.551048278808594,43.551048278808594,6804300,1.4790966862588608,0.7359696933657318
2020-01-06 05:00:00+00:00,SHW,The Sherwin-Williams Company,Basic Materials,Specialty Chemicals,177.6833471212629,178.78629988818548,177.2693347618218,178.05625915527344,178.05625915527344,1926600,0.2098744986810946,1.5169651263636865
2020-01-06 05:00:00+00:00,SLB,SLB N.V.,Energy,Oil & Gas Equipment & Services,35.256352555986126,35.664393149184974,34.89171976142907,35.43866729736328,35.43866729736328,15534100,0.5171117491171109,0.7726733877559013
2020-01-06 05:00:00+00:00,SPGI,S&P Global Inc.,Financial Services,Financial Data & Stock Exchanges,262.19328089362654,265.4944818537576,261.40364047575883,265.4659423828125,265.4659423828125,875100,1.2481866346962962,4.090841377998743
2020-01-06 05:00:00+00:00,T,AT&T Inc.,Communication Services,Telecom Services,19.047298065374935,19.12546078551473,18.96425002101794,19.10103416442871,19.10103416442871,51229797,0.2821192741844032,0.16121076449678995
2020-01-06 05:00:00+00:00,TFC,Truist Financial Corporation,Financial Services,Banks - Regional,42.04570012085617,42.280590443303005,41.78807633234756,42.2275505065918,42.2275505065918,9669300,0.4325064993873768,0.4925141109554474
2020-01-06 05:00:00+00:00,TGT,Target Corporation,Consumer Defensive,Discount Stores,105.76280528281627,106.3429354688322,105.12295610010231,105.43008422851562,105.43008422851562,4226900,-0.3145917446222536,1.2199793687298808
2020-01-06 05:00:00+00:00,TJX,"The TJX Companies, Inc.",Consumer Cyclical,Apparel Retail,56.61884634986039,57.02590867550127,56.350553587231786,57.016658782958984,57.016658782958984,5223000,0.7026148689791776,0.6753550882694839
2020-01-06 05:00:00+00:00,TMO,Thermo Fisher Scientific Inc.,Healthcare,Diagnostics & Research,314.90907163875033,320.3144235265937,313.7374152844425,320.12738037109375,320.12738037109375,1010000,1.657084283151305,6.577008242151237
2020-01-06 05:00:00+00:00,TSLA,"Tesla, Inc.",Consumer Cyclical,Auto Manufacturers,29.364667892456055,30.104000091552734,29.333332061767575,30.1026668548584,30.1026668548584,151995000,2.5132208717808786,0.7706680297851598
2020-01-06 05:00:00+00:00,TXN,Texas Instruments Incorporated,Technology,Semiconductors,106.38629443100338,106.61236679508012,105.4150392614266,106.30256652832033,106.30256652832033,4345400,-0.07870177557256033,1.197327533653521
2020-01-06 05:00:00+00:00,UNH,UnitedHealth Group Incorporated,Healthcare,Healthcare Plans,261.1623832497166,264.4813251910332,260.4550695686991,264.3815612792969,264.3815612792969,3079100,1.2326346503363763,4.026255622334077
2020-01-06 05:00:00+00:00,UNP,Union Pacific Corporation,Industrials,Railroads,157.3096348320968,157.64229165104413,155.76893311880406,157.07327270507812,157.07327270507812,3142500,-0.1502527974659397,1.8733585322400756
2020-01-06 05:00:00+00:00,UPS,"United Parcel Service, Inc.",Industrials,Integrated Freight & Logistics,90.89366425754268,91.50776250357478,90.04338592960299,91.48413848876952,91.48413848876952,3381600,0.6496318924427515,1.4643765739717907
2020-01-06 05:00:00+00:00,USB,U.S. Bancorp,Financial Services,Banks - Regional,44.06360117642731,44.61951228217909,43.87057681418773,44.557743072509766,44.557743072509766,6869200,1.121428759542251,0.7489354679913589
2020-01-06 05:00:00+00:00,V,Visa Inc.,Financial Services,Credit Services,179.82493985686952,180.98233020020768,179.0214702242037,180.96319580078125,180.96319580078125,10109500,0.6329800220245966,1.9608599760039738
2020-01-06 05:00:00+00:00,VLO,Valero Energy Corporation,Energy,Oil & Gas Refining & Marketing,70.88975045780728,71.5744479145129,70.43068741610196,71.21653747558594,71.21653747558594,3393200,0.4609792186716131,1.1437604984109413
2020-01-06 05:00:00+00:00,VMC,Vulcan Materials Company,Basic Materials,Building Materials,135.0805191442346,135.7265122666882,133.75051028106614,134.7575225830078,134.7575225830078,798000,-0.23911409526186977,1.976001985622048
2020-01-06 05:00:00+00:00,VRTX,Vertex Pharmaceuticals Incorporated,Healthcare,Biotechnology,217.72999572753903,224.3500061035156,216.91000366210935,224.02999877929688,224.02999877929688,1436600,2.8934933979613358,7.44000244140625
2020-01-06 05:00:00+00:00,VZ,Verizon Communications Inc.,Communication Services,Telecom Services,41.95413449194107,42.28915304370574,41.93319666448415,42.0658073425293,42.0658073425293,15094500,0.2661784158833713,0.3559563792215883
2020-01-06 05:00:00+00:00,WFC,Wells Fargo & Company,Financial Services,Banks - Diversified,44.966054581359195,45.35824918282842,44.949002217938045,45.272987365722656,45.272987365722656,13200300,0.6825877591909095,0.4092469648903787
2020-01-06 05:00:00+00:00,WM,"Waste Management, Inc.",Industrials,Waste Management,103.9386347899086,105.16304142373846,103.85701091014428,105.14490509033205,105.14490509033205,1840700,1.1605600774550076,1.3060305135941803
2020-01-06 05:00:00+00:00,WMT,Walmart Inc.,Consumer Defensive,Discount Stores,35.962094604948675,36.17345924493651,35.76911315685548,36.03867721557617,36.03867721557617,19336500,0.21295369880084455,0.40434608808102723
2020-01-06 05:00:00+00:00,XOM,Exxon Mobil Corporation,Energy,Oil & Gas Integrated,53.22273721117698,54.00987736570928,53.15462214487567,53.639015197753906,53.639015197753906,20081900,0.7821431372934151,0.8552552208336124
2020-01-06 05:00:00+00:00,ZTS,Zoetis Inc.,Healthcare,Drug Manufacturers - Specialty & Generic,126.6314203153476,126.90593215779148,125.6186036296856,126.0161590576172,126.0161590576172,2334100,-0.4858677697827468,1.2873285281058884
2020-01-07 05:00:00+00:00,AAPL,Apple Inc.,Technology,Consumer Electronics,72.27757077764687,72.53308721808551,71.70868733859578,71.92804718017578,71.92804718017578,108872000,-0.4835851477996646,0.8243998794897323
2020-01-07 05:00:00+00:00,ABBV,AbbVie Inc.,Healthcare,Drug Manufacturers - General,68.78659374698856,69.25842399578734,68.26835590036409,68.75565338134766,68.75565338134766,7242500,-0.04498022645910752,0.9900680954232541
2020-01-07 05:00:00+00:00,ABT,Abbott Laboratories,Healthcare,Medical Devices,76.75783198227887,77.23214869511688,76.55200274009583,76.83837890625,76.83837890625,3408100,0.10493642393355129,0.6801459550210467
2020-01-07 05:00:00+00:00,ADBE,Adobe Inc.,Technology,Software - Application,334.1499938964844,334.7900085449219,332.30999755859375,333.3900146484375,333.3900146484375,2500800,-0.22743655900897825,2.480010986328125
2020-01-07 05:00:00+00:00,AIG,"American International Group, Inc.",Financial Services,Insurance - Diversified,43.93500960638929,44.00345909656187,43.39598455861122,43.72966766357422,43.72966766357422,4580100,-0.46737657429625923,0.607474537950651
2020-01-07 05:00:00+00:00,AMAT,"Applied Materials, Inc.",Technology,Semiconductor Equipment & Materials,56.94901353715829,58.67817532602446,56.82617576493813,58.22462463378906,58.22462463378906,7970400,2.239917809635914,1.8519995610863305
2020-01-07 05:00:00+00:00,AMD,"Advanced Micro Devices, Inc.",Technology,Semiconductors,49.349998474121094,49.38999938964844,48.040000915527344,48.25,48.25,58061400,-2.228973674027422,1.3499984741210938
2020-01-07 05:00:00+00:00,AMGN,Amgen Inc.,Healthcare,Drug Manufacturers - General,198.9506713544832,199.52430576321865,197.52074614834703,197.8948516845703,197.8948516845703,1518900,-0.5306941980767036,2.0035596148716195
2020-01-07 05:00:00+00:00,AMZN,"Amazon.com, Inc.",Consumer Cyclical,Internet Retail,95.2249984741211,95.69450378417967,94.60199737548828,95.34300231933594,95.34300231933594,80898000,0.1239210786093246,1.092506408691392
2020-01-07 05:00:00+00:00,APD,"Air Products and Chemicals, Inc.",Basic Materials,Specialty Chemicals,194.86620289136312,197.82278000085464,194.43395454451633,196.1197204589844,196.1197204589844,1518900,0.6432708951177731,3.38882545633831
2020-01-07 05:00:00+00:00,AVGO,Broadcom Inc.,Technology,Semiconductors,27.121292201897447,27.235714657422072,26.863199670030045,26.896751403808594,26.896751403808594,18565000,-0.8279133472598468,0.3725149873920266
2020-01-07 05:00:00+00:00,AXP,American Express Company,Financial Services,Credit Services,114.17914009349548,115.03915980744893,114.07741680058604,114.1236572265625,114.1236572265625,2042300,-0.04859282254844839,0.9617430068628892
2020-01-07 05:00:00+00:00,BA,The Boeing Company,Industrials,Aerospace & Defense,332.2830289611392,342.15429069593097,328.7540072336429,335.28515625,335.28515625,9898600,0.9034849893618486,13.400283462288087
2020-01-07 05:00:00+00:00,BAC,Bank of America Corporation,Financial Services,Banks - Diversified,29.949175622742228,30.139052879346043,29.802448846016507,29.880126953125,29.880126953125,34149000,-0.2305528221778333,0.3366040333295359
2020-01-07 05:00:00+00:00,BIIB,Biogen Inc.,Healthcare,Drug Manufacturers - General,290.57000732421875,291.8399963378906,287.989990234375,290.0899963378906,290.0899963378906,1034000,-0.1651963293625579,3.850006103515625
2020-01-07 05:00:00+00:00,BLK,"BlackRock, Inc.",Financial Services,Asset Management,434.92125054009585,440.9233872551381,434.92125054009585,438.67474365234375,438.67474365234375,453900,0.8630282166223691,6.002136715042241
2020-01-07 05:00:00+00:00,BMY,Bristol-Myers Squibb Company,Healthcare,Drug Manufacturers - General,49.94252600577823,51.00750042184865,49.88689326276953,50.80881118774414,50.80881118774414,15551700,1.7345642106001744,1.120607159079114
2020-01-07 05:00:00+00:00,BRK-B,Berkshire Hathaway Inc.,Financial Services,Insurance - Diversified,227.2599945068359,227.2599945068359,225.44000244140625,225.9199981689453,225.9199981689453,3517000,-0.5896314222828558,1.819992065429659
2020-01-07 05:00:00+00:00,C,Citigroup Inc.,Financial Services,Banks - Diversified,63.420596377200205,63.42859664756794,62.97267887529944,62.996673583984375,62.996673583984375,10469100,-0.6684307897303705,0.4559177722685064
2020-01-07 05:00:00+00:00,CAT,Caterpillar Inc.,Industrials,Farm & Heavy Construction Machinery,129.7642689545482,129.95801375530235,128.14385667208592,128.9100341796875,128.9100341796875,2841900,-0.658297373955786,1.814157083216429
2020-01-07 05:00:00+00:00,CB,Chubb Limited,Financial Services,Insurance - Property & Casualty,140.0330350772301,141.15970091048663,139.5969121815585,139.851318359375,139.851318359375,1505900,-0.1297670351534385,1.5627887289281261
2020-01-07 05:00:00+00:00,CI,The Cigna Group,Healthcare,Healthcare Plans,188.58461700541352,190.9627389021111,187.7614284793444,190.18527221679688,190.18527221679688,1354600,0.8487729470200671,3.20131042276671
2020-01-07 05:00:00+00:00,CL,Colgate-Palmolive Company,Consumer Defensive,Household & Personal Products,59.0813713702748,59.0813713702748,58.22699754282302,58.29603958129883,58.29603958129883,4500000,-1.3292375765182258,0.8543738274517807
2020-01-07 05:00:00+00:00,CMCSA,Comcast Corporation,Communication Services,Telecom Services,35.031846047463844,35.633522126259756,35.00809402235229,35.570186614990234,35.570186614990234,26209468,1.5367176676815857,0.625428103907467
2020-01-07 05:00:00+00:00,CME,CME Group Inc.,Financial Services,Financial Data & Stock Exchanges,164.64275944462744,165.05135751230176,162.59173724405136,164.23416137695312,164.23416137695312,968000,-0.24817250940922095,2.4596202682504043
2020-01-07 05:00:00+00:00,COF,Capital One Financial Corporation,Financial Services,Credit Services,90.38596748610313,90.83699528170668,90.05221132192477,90.27772521972656,90.27772521972656,1978200,-0.11975560962292778,0.7847839597819046
2020-01-07 05:00:00+00:00,COP,ConocoPhillips,Energy,Oil & Gas E&P,53.35071501843108,53.390860885871135,52.78861773726332,53.382835388183594,53.382835388183594,5974800,0.060206071730089204,0.6022431486078119
2020-01-07 05:00:00+00:00,COST,Costco Wholesale Corporation,Consumer Defensive,Discount Stores,265.9786532359421,266.31646320607535,264.1161010193885,266.00604248046875,266.00604248046875,1963400,0.01029753485606361,2.2003621866868457
2020-01-07 05:00:00+00:00,CRM,"Salesforce, Inc.",Technology,Software - Application,171.15047030896082,174.74677362148014,170.024155949425,173.88722229003906,173.88722229003906,8272700,1.5990326968648452,4.722617672055151
2020-01-07 05:00:00+00:00,CSCO,"Cisco Systems, Inc.",Technology,Communication Equipment,39.88724331240367,39.88724331240367,39.369007776471896,39.69499588012695,39.69499588012695,16501900,-0.48197723460355796,0.5182355359317725
2020-01-07 05:00:00+00:00,CSX,CSX Corporation,Industrials,Railroads,22.3592804921602,22.61455148126418,22.193200274696792,22.45154571533203,22.45154571533203,14360700,0.4126484445873972,0.4213512065673868
2020-01-07 05:00:00+00:00,CVS,CVS Health Corporation,Healthcare,Healthcare Plans,60.17794803377442,60.22699748267091,59.401302652582515,60.15342330932617,60.15342330932617,6172300,-0.04075367347933528,0.8256948300883948
2020-01-07 05:00:00+00:00,CVX,Chevron Corporation,Energy,Oil & Gas Integrated,91.07375390403035,91.61704896832843,90.1172575539133,91.10436248779295,91.10436248779295,7856900,0.03360856717826085,1.499791414415128
2020-01-07 05:00:00+00:00,DD,"DuPont de Nemours, Inc.",Basic Materials,Specialty Chemicals,23.010892199561894,23.010892199561894,22.4311605605126,22.583526611328125,22.583526611328125,21952867,-1.8572317167341554,0.5797316390492959
2020-01-07 05:00:00+00:00,DE,Deere & Company,Industrials,Farm & Heavy Construction Machinery,162.10453676218424,162.50057243750422,159.78363644711033,160.01388549804688,160.01388549804688,1234200,-1.2896932472682474,2.7169359903938926
2020-01-07 05:00:00+00:00,DHR,Danaher Corporation,Healthcare,Diagnostics & Research,133.88940471634763,135.31449768130557,133.09481400377598,134.8480987548828,134.8480987548828,2241562,0.7160342825978153,2.219683677529588
2020-01-07 05:00:00+00:00,DIS,The Walt Disney Company,Communication Services,Entertainment,142.6311297311495,143.49087292933734,142.0742368922616,142.34779357910156,142.34779357910156,6906500,-0.19864958833462357,1.4166360370757332
2020-01-07 05:00:00+00:00,DOW,Dow Inc.,Basic Materials,Chemicals,37.4441459605548,37.99911109554228,37.22932065889346,37.372535705566406,37.372535705566406,5122800,-0.1912455289107942,0.769790436648826
2020-01-07 05:00:00+00:00,ECL,Ecolab Inc.,Basic Materials,Specialty Chemicals,175.49928305045205,178.11614917110128,174.76768545491842,175.83694458007812,175.83694458007812,1556700,0.19240051797191968,3.348463716182863
2020-01-07 05:00:00+00:00,EL,The Estée Lauder Companies Inc.,Consumer Defensive,Household & Personal Products,190.4238185675661,191.5330409979516,189.656612498434,190.46080017089844,190.46080017089844,1180600,0.019420681514811886,1.8764284995176013
2020-01-07 05:00:00+00:00,ELV,"Elevance Health, Inc.",Healthcare,Healthcare Plans,275.85825051663477,276.8539831177434,271.6263095857706,276.1717224121094,276.1717224121094,1313200,0.1136351350331294,5.227673531972755
2020-01-07 05:00:00+00:00,EMR,Emerson Electric Co.,Industrials,Specialty Industrial Machinery,66.94235146031185,67.73823953871307,66.7936700252841,67.55457305908203,67.55457305908203,2497000,0.9145504832365271,0.9445695134289736
2020-01-07 05:00:00+00:00,EOG,"EOG Resources, Inc.",Energy,Oil & Gas E&P,66.92508884519589,67.45366686620643,65.86794432518593,67.4234619140625,67.4234619140625,4320000,0.7446730030039964,1.5857225410205018
2020-01-07 05:00:00+00:00,ETN,Eaton Corporation plc,Industrials,Specialty Industrial Machinery,84.73713153478552,85.49306693627508,84.60214110854858,85.34907531738281,85.34907531738281,2631000,0.7221672146715093,0.8909258277265053
2020-01-07 05:00:00+00:00,FCX,Freeport-McMoRan Inc.,Basic Materials,Copper,12.036044724556657,12.26858037206168,11.943030997786508,12.138360977172852,12.138360977172852,20849500,0.8500820241008492,0.3255493742751714
2020-01-07 05:00:00+00:00,FDX,FedEx Corporation,Industrials,Integrated Freight & Logistics,137.2471352207082,138.91171369138857,136.33429834178935,138.5358428955078,138.5358428955078,2140100,0.9389687243578742,2.577415349599221
2020-01-07 05:00:00+00:00,GD,General Dynamics Corporation,Industrials,Aerospace & Defense,156.09741312673185,157.14429772831454,155.51773802400805,155.7513427734375,155.7513427734375,1454600,-0.22170153006532195,1.6265597043064872
2020-01-07 05:00:00+00:00,GE,GE Aerospace,Industrials,Aerospace & Defense,58.89807221839805,59.33435239348157,57.783129458519014,58.41331481933594,58.41331481933594,14160793,-0.8230445934878786,1.55122293496256
2020-01-07 05:00:00+00:00,GILD,"Gilead Sciences, Inc.",Healthcare,Drug Manufacturers - General,51.758759924845165,51.782552440395875,50.89426020352935,51.64772415161133,51.64772415161133,8082600,-0.21452556706355314,0.8882922368665263
2020-01-07 05:00:00+00:00,GOOGL,Alphabet Inc.,Communication Services,Internet Content & Information,69.49789480129157,69.64875536577131,69.05623219302926,69.2323989868164,69.2323989868164,34330000,-0.3820199377754747,0.5925231727420481
2020-01-07 05:00:00+00:00,GS,"The Goldman Sachs Group, Inc.",Financial Services,Capital Markets,203.77226719526303,206.17418230479467,203.56415458470408,204.19715881347656,204.19715881347656,5255200,0.20851297581450928,2.610027720090585
2020-01-07 05:00:00+00:00,HAL,Halliburton Company,Energy,Oil & Gas Equipment & Services,22.71489240111499,22.71489240111499,21.702353849275553,22.10557746887207,22.10557746887207,12406300,-2.6824469228523022,1.0125385518394374
2020-01-07 05:00:00+00:00,HD,"The Home Depot, Inc.",Consumer Cyclical,Home Improvement Retail,189.8510254608518,190.76784379107968,187.60221532437384,189.00340270996097,189.00340270996097,5685400,-0.44646730184009725,3.16562846670584
2020-01-07 05:00:00+00:00,HON,Honeywell International Inc.,Industrials,Conglomerates,147.5225289538029,148.10472489287082,146.04205438089906,147.72213745117188,147.72213745117188,3185971,0.13530712819564844,2.06267051197176
2020-01-07 05:00:00+00:00,IBM,International Business Machines Corporation,Technology,Information Technology Services,98.1763139639736,99.10894881732992,97.96335176104591,98.54348754882812,98.54348754882812,3232977,0.37399406234508187,1.1455970562840037
2020-01-07 05:00:00+00:00,INTC,Intel Corporation,Technology,Semiconductors,52.73145480796615,52.74909705045928,51.94639352404693,51.9816780090332,51.9816780090332,21876100,-1.421877704044835,0.8027035264123441
2020-01-07 05:00:00+00:00,INTU,Intuit Inc.,Technology,Software - Application,256.14751507919163,256.8291332667027,254.74586901391257,255.82110595703125,255.82110595703125,915100,-0.12743013417853025,2.0832642527901157
2020-01-07 05:00:00+00:00,ISRG,"Intuitive Surgical, Inc.",Healthcare,Medical Instruments & Supplies,196.6499938964844,196.6499938964844,191.2466735839844,194.26666259765625,194.26666259765625,3515100,-1.2119661188917847,5.4033203125
2020-01-07 05:00:00+00:00,ITW,Illinois Tool Works Inc.,Industrials,Specialty Industrial Machinery,154.26517403265746,154.89904162035654,152.98874720914304,154.39541625976562,154.39541625976562,1144100,0.0844274982508999,1.9102944112134992
2020-01-07 05:00:00+00:00,JNJ,Johnson & Johnson,Healthcare,Drug Manufacturers - General,121.63469811283407,122.85096273975812,119.41333844225376,122.45398712158205,122.45398712158205,7382900,0.6735652091543496,3.4376242975043567
2020-01-07 05:00:00+00:00,JPM,JPMorgan Chase & Co.,Financial Services,Banks - Diversified,116.56552344448149,117.05800754731382,115.32583325145303,115.37677764892578,115.37677764892578,10531300,-1.0198090828476285,1.732174295860787
2020-01-07 05:00:00+00:00,KO,The Coca-Cola Company,Consumer Defensive,Beverages - Non-Alcoholic,45.295889505546505,45.42066966452848,45.046326014210585,45.129512786865234,45.129512786865234,9973900,-0.3673108542462725,0.37434365031789696
2020-01-07 05:00:00+00:00,LIN,Linde plc,Basic Materials,Specialty Chemicals,187.94374026238623,189.723982044049,187.42985892380656,187.96209716796875,187.96209716796875,2589200,0.009767234363269454,2.294123120242432
2020-01-07 05:00:00+00:00,LLY,Eli Lilly and Company,Healthcare,Drug Manufacturers - General,122.52361605386405,123.66791011431202,122.52361605386405,123.27717590332033,123.27717590332033,2448300,0.6150323290532,1.1442940604479759
2020-01-07 05:00:00+00:00,LMT,Lockheed Martin Corporation,Industrials,Aerospace & Defense,349.4842124359168,353.622781209405,346.96878317757023,352.24609375,352.24609375,1059900,0.7902735562309968,6.65399803183476
2020-01-07 05:00:00+00:00,LOW,"Lowe's Companies, Inc.",Consumer Cyclical,Home Improvement Retail,107.50151739269327,107.65319704752864,106.3594988560942,106.73422241210938,106.73422241210938,4191100,-0.7137526978163846,1.29369819143443
2020-01-07 05:00:00+00:00,MA,Mastercard Incorporated,Financial Services,Credit Services,291.30561208883563,292.88891389323567,289.50994632079363,289.8285217285156,289.8285217285156,3182000,-0.5070586693227032,3.3789675724420363
2020-01-07 05:00:00+00:00,MCD,McDonald's Corporation,Consumer Cyclical,Restaurants,175.70477029079225,176.40978063611968,174.52104511807184,176.36627197265625,176.36627197265625,4047400,0.3764847595026631,1.888735518047838
2020-01-07 05:00:00+00:00,META,"Meta Platforms, Inc.",Communication Services,Internet Content & Information,211.34370579308143,213.09149147322896,210.28112095451584,211.58203125,211.58203125,14912400,0.11276676351644423,2.810370518713114
2020-01-07 05:00:00+00:00,MMM,3M Company,Industrials,Conglomerates,119.52931213191695,119.68352885133989,118.55044463054656,119.27454376220705,119.27454376220705,2598908,-0.21314300665324312,1.1330842207933216
2020-01-07 05:00:00+00:00,MPC,Marathon Petroleum Corporation,Energy,Oil & Gas Refining & Marketing,47.83982290129466,49.07562792121325,47.46659202940545,49.05074691772461,49.05074691772461,6578000,2.5312050567753643,1.6090358918077996
2020-01-07 05:00:00+00:00,MRK,"Merck & Co., Inc.",Healthcare,Drug Manufacturers - General,71.64888075363406,71.90138792242728,70.32322127207425,70.38634490966797,70.38634490966797,11132275,-1.7621152356969025,1.578166650353026
2020-01-07 05:00:00+00:00,MS,Morgan Stanley,Financial Services,Capital Markets,42.01048181597053,42.13394333644469,41.738860819221244,41.91170883178711,41.91170883178711,4538100,-0.23511509488536833,0.3950825172234431
2020-01-07 05:00:00+00:00,MSFT,Microsoft Corporation,Technology,Software - Infrastructure,151.27139620215743,151.6037060270749,149.37243324398585,149.61929321289062,149.61929321289062,21634100,-1.0921449994809038,2.2312727830890537
2020-01-07 05:00:00+00:00,NEM,Newmont Corporation,Basic Materials,Gold,36.21421465010384,36.51627997502347,36.06318198764402,36.27294921875,36.27294921875,9378300,0.16218650387325317,0.45309798737945073
2020-01-07 05:00:00+00:00,NFLX,"Netflix, Inc.",Communication Services,Entertainment,33.64699935913086,33.66999816894531,33.029998779296875,33.07500076293945,33.07500076293945,47032000,-1.6999988322470776,0.6399993896484375
2020-01-07 05:00:00+00:00,NKE,"NIKE, Inc.",Consumer Cyclical,Footwear & Accessories,93.91354394049468,94.7714127806794,92.99110463008762,93.88587188720705,93.88587188720705,6719900,-0.02946545527572107,1.7803081505917788
2020-01-07 05:00:00+00:00,NOC,Northrop Grumman Corporation,Industrials,Aerospace & Defense,338.3767345909993,341.1752541680515,336.0853884728956,339.5993957519531,339.5993957519531,863600,0.36133133160932385,5.089865695155879
2020-01-07 05:00:00+00:00,NOW,"ServiceNow, Inc.",Technology,Software - Application,58.64400100708008,58.91600036621094,57.60599899291992,58.582000732421875,58.582000732421875,7192000,-0.10572313210812107,1.3100013732910156
2020-01-07 05:00:00+00:00,NSC,Norfolk Southern Corporation,Industrials,Railroads,172.98814449481748,174.05324815916683,171.7645875538618,173.1553955078125,173.1553955078125,1478900,0.09668351174206312,2.28866060530504
2020-01-07 05:00:00+00:00,NUE,Nucor Corporation,Basic Materials,Steel,47.83541793548533,48.58298553297208,47.710823901726336,47.888816833496094,47.888816833496094,2559000,0.11163046193676048,0.8721616312457456
2020-01-07 05:00:00+00:00,NVDA,NVIDIA Corporation,Technology,Semiconductors,5.92851845997937,6.017371658885951,5.883469744294573,5.97157621383667,5.97157621383667,314856000,0.7262818552048517,0.13390191459137757
2020-01-07 05:00:00+00:00,ORCL,Oracle Corporation,Technology,Software - Infrastructure,49.266394166406826,49.66864567796772,49.01041846807341,49.51322937011719,49.51322937011719,12015400,0.501021452628799,0.6582272098943065
2020-01-07 05:00:00+00:00,OXY,Occidental Petroleum Corporation,Energy,Oil & Gas E&P,41.14438741688736,41.32692405367612,40.32295862468527,41.31779861450195,41.31779861450195,12084800,0.4214698735395826,1.0039654289908526
2020-01-07 05:00:00+00:00,PEP,"PepsiCo, Inc.",Consumer Defensive,Beverages - Non-Alcoholic,113.26390464469088,113.32220834244632,111.55661530516424,111.60658264160156,111.60658264160156,5718100,-1.4632393332088827,1.7655930372820734
2020-01-07 05:00:00+00:00,PFE,Pfizer Inc.,Healthcare,Drug Manufacturers - General,27.48079028041212,27.487814641814204,27.171701432130753,27.220874786376953,27.220874786376953,20108107,-0.9458079312239784,0.3161132096834507
2020-01-07 05:00:00+00:00,PG,The Procter & Gamble Company,Consumer Defensive,Household & Personal Products,105.07082496893216,105.35299916656554,104.20721039846237,104.309814453125,104.309814453125,7583400,-0.7242833736502753,1.1457887681031735
2020-01-07 05:00:00+00:00,PM,Philip Morris International Inc.,Consumer Defensive,Tobacco,63.0841158309406,63.96816616611998,62.81890129244871,63.65138244628906,63.65138244628906,4311600,0.8992225822244793,1.149264873671271
2020-01-07 05:00:00+00:00,PNC,"The PNC Financial Services Group, Inc.",Financial Services,Banks - Regional,125.21705407610985,125.98857602845356,124.56484677397049,125.08184051513672,125.08184051513672,1936300,-0.10798334298053507,1.423729254483078
2020-01-07 05:00:00+00:00,PSX,Phillips 66,Energy,Oil & Gas Refining & Marketing,83.62863293509987,84.47952011903456,83.3241886464972,84.41706848144531,84.41706848144531,2687900,0.9427818184679718,1.1553314725373554
2020-01-07 05:00:00+00:00,QCOM,QUALCOMM Incorporated,Technology,Semiconductors,76.20182472158587,78.34674930861063,76.08801465937255,77.8915023803711,77.8915023803711,8377400,2.2173716508216237,2.258734649238079
2020-01-07 05:00:00+00:00,REGN,"Regeneron Pharmaceuticals, Inc.",Healthcare,Biotechnology,369.51064308266393,371.7681118784005,365.99015960073064,371.0719909667969,371.0719909667969,736400,0.42254476653427553,5.77795227766984
2020-01-07 05:00:00+00:00,RTX,RTX Corporation,Industrials,Aerospace & Defense,82.86198527455329,83.80570850412334,82.86198527455329,83.56568908691406,83.56568908691406,4348775,0.8492480719948151,0.943723229570054
2020-01-07 05:00:00+00:00,SBUX,Starbucks Corporation,Consumer Cyclical,Restaurants,77.00484896125468,77.06613040717757,76.27822133161418,76.91730499267578,76.91730499267578,6514700,-0.1136863064596713,0.7879090755633911
2020-01-07 05:00:00+00:00,SCHW,The Charles Schwab Corporation,Financial Services,Capital Markets,43.551047202701774,44.16742070898419,43.51424784159769,43.80863571166992,43.80863571166992,9985100,0.591463410212023,0.6531728673865018
2020-01-07 05:00:00+00:00,SHW,The Sherwin-Williams Company,Basic Materials,Specialty Chemicals,178.77999295936678,178.9190483487977,176.7858240974528,177.09237670898438,177.09237670898438,1803600,-0.9439625891281734,2.133224251344899
2020-01-07 05:00:00+00:00,SLB,SLB N.V.,Energy,Oil & Gas Equipment & Services,35.18689634581574,35.256351470947266,34.49236165351369,35.256351470947266,35.256351470947266,10971700,0.19738917706444817,0.7639898174335755
2020-01-07 05:00:00+00:00,SPGI,S&P Global Inc.,Financial Services,Financial Data & Stock Exchanges,269.34752940351234,272.7438725418087,267.30212267054384,267.3116455078125,267.3116455078125,1253700,-0.7558576461452746,5.441749871264847
2020-01-07 05:00:00+00:00,T,AT&T Inc.,Communication Services,Telecom Services,19.091270245335156,19.198743708048088,19.042418222768156,19.174318313598633,19.174318313598633,37337462,0.4350054616390377,0.1563254852799325
2020-01-07 05:00:00+00:00,TFC,Truist Financial Corporation,Financial Services,Banks - Regional,42.182082590088335,42.182082590088335,41.74260845621412,42.04569625854492,42.04569625854492,5272800,-0.3233276385824066,0.43947413387421363
2020-01-07 05:00:00+00:00,TGT,Target Corporation,Consumer Defensive,Discount Stores,104.93526656105482,106.15524593671344,104.93526656105482,105.6177749633789,105.6177749633789,3641600,0.6504089851689498,1.2199793756586246
2020-01-07 05:00:00+00:00,TJX,"The TJX Companies, Inc.",Consumer Cyclical,Apparel Retail,56.64659222065875,57.05365449358333,56.56332908197579,56.979644775390625,56.979644775390625,4586700,0.5879480859757857,0.49032541160754306
2020-01-07 05:00:00+00:00,TMO,Thermo Fisher Scientific Inc.,Healthcare,Diagnostics & Research,320.4129342620166,324.16419420964036,319.96988980782737,321.9390563964844,321.9390563964844,917700,0.476298542061905,4.194304401812985
2020-01-07 05:00:00+00:00,TSLA,"Tesla, Inc.",Consumer Cyclical,Auto Manufacturers,30.760000228881836,31.441999435424805,30.224000930786133,31.270666122436523,31.270666122436523,268231500,1.6601621903604609,1.2179985046386719
2020-01-07 05:00:00+00:00,TXN,Texas Instruments Incorporated,Technology,Semiconductors,108.13624642447468,109.60150728538116,107.52502689979356,108.35395050048828,108.35395050048828,7184100,0.20132386985121983,2.076480385587601
2020-01-07 05:00:00+00:00,UNH,UnitedHealth Group Incorporated,Healthcare,Healthcare Plans,263.6108180029427,264.3271810756905,260.78153532240066,262.7856140136719,262.7856140136719,2492900,-0.3130387423105052,3.5456457532898185
2020-01-07 05:00:00+00:00,UNP,Union Pacific Corporation,Industrials,Railroads,156.89822241094387,157.20461830886077,155.4800761170193,155.8827667236328,155.8827667236328,4096400,-0.6472066233175063,1.724542191841465
2020-01-07 05:00:00+00:00,UPS,"United Parcel Service, Inc.",Industrials,Integrated Freight & Logistics,91.21646928630273,91.67310418125948,90.59450231005783,91.32669067382812,91.32669067382812,1952300,0.12083496367245443,1.0786018712016414
2020-01-07 05:00:00+00:00,USB,U.S. Bancorp,Financial Services,Banks - Regional,44.4187662102051,44.542301686768056,44.11764867016526,44.13309097290039,44.13309097290039,4006800,-0.6431408651757542,0.42465301660279664
2020-01-07 05:00:00+00:00,V,Visa Inc.,Financial Services,Credit Services,181.3457824869002,181.83361476608013,180.39884141841068,180.48492431640625,180.48492431640625,4392300,-0.474705371522013,1.4347733476694486
2020-01-07 05:00:00+00:00,VLO,Valero Energy Corporation,Energy,Oil & Gas Refining & Marketing,70.85083018159189,72.173548596564,70.26727951103535,72.15020751953125,72.15020751953125,3795500,1.833962050422042,1.906269085528649
2020-01-07 05:00:00+00:00,VMC,Vulcan Materials Company,Basic Materials,Building Materials,134.42506465809868,135.6885670053419,133.21856001893528,133.23756408691406,133.23756408691406,976500,-0.8833922261484076,2.4700069864066165
2020-01-07 05:00:00+00:00,VRTX,Vertex Pharmaceuticals Incorporated,Healthcare,Biotechnology,224.2599945068359,225.9199981689453,222.13999938964844,223.7899932861328,223.7899932861328,1027700,-0.2095787176561132,3.779998779296875
2020-01-07 05:00:00+00:00,VZ,Verizon Communications Inc.,Communication Services,Telecom Services,41.94714918966045,42.00298694054062,41.58421445890132,41.59817123413086,41.59817123413086,14293100,-0.8319467765299546,0.4187724816393015
2020-01-07 05:00:00+00:00,WFC,Wells Fargo & Company,Financial Services,Banks - Diversified,45.23035149982816,45.23035149982816,44.73584604221596,44.8978385925293,44.8978385925293,13278600,-0.7351543737176713,0.494505457612199
2020-01-07 05:00:00+00:00,WM,"Waste Management, Inc.",Industrials,Waste Management,104.78213532321496,105.38980293809,104.1926040450657,105.2174835205078,105.2174835205078,2325500,0.41547940968176267,1.197198893024293
2020-01-07 05:00:00+00:00,WMT,Walmart Inc.,Consumer Defensive,Discount Stores,35.919217058566325,35.99886004236039,35.594517391726164,35.70479202270508,35.70479202270508,20540700,-0.5969646707822903,0.40434265063422714
2020-01-07 05:00:00+00:00,XOM,Exxon Mobil Corporation,Energy,Oil & Gas Integrated,53.3589683808328,53.37410313608249,52.6096738459396,53.20002746582031,53.20002746582031,17387700,-0.29787104180518614,0.7644292901428926
2020-01-07 05:00:00+00:00,ZTS,Zoetis Inc.,Healthcare,Drug Manufacturers - Specialty & Generic,125.89307613322325,127.60635553506526,125.58070812088437,126.44208526611328,126.44208526611328,1224500,0.4360916022967454,2.025647414180895
2020-01-08 05:00:00+00:00,AAPL,Apple Inc.,Technology,Consumer Electronics,71.63155918060959,73.38643082203993,71.63155918060959,73.08511352539062,73.08511352539062,132079200,2.029209417480489,1.7548716414303414
2020-01-08 05:00:00+00:00,ABBV,AbbVie Inc.,Healthcare,Drug Manufacturers - General,68.9567623862475,69.66063652114731,68.74018572935525,69.24295043945312,69.24295043945312,7696800,0.4150253627085845,0.9204507917920637
2020-01-08 05:00:00+00:00,ABT,Abbott Laboratories,Healthcare,Medical Devices,77.17847329429087,77.5543476808119,76.9010482143991,77.15162658691406,77.15162658691406,5693900,-0.034785227319067726,0.653299466412804
2020-01-08 05:00:00+00:00,ADBE,Adobe Inc.,Technology,Software - Application,333.80999755859375,339.2300109863281,333.3999938964844,337.8699951171875,337.8699951171875,2248500,1.2162600246510284,5.83001708984375
2020-01-08 05:00:00+00:00,AIG,"American International Group, Inc.",Financial Services,Insurance - Diversified,43.72967237193357,44.70505486495263,43.72967237193357,44.2430305480957,44.2430305480957,4832100,1.1739355643826355,0.9753824930190618
2020-01-08 05:00:00+00:00,AMAT,"Applied Materials, Inc.",Technology,Semiconductor Equipment & Materials,58.300219201825506,58.772668298105295,57.87501429427359,58.18683242797851,58.18683242797851,4364400,-0.19448773160607083,0.897654003831704
2020-01-08 05:00:00+00:00,AMD,"Advanced Micro Devices, Inc.",Technology,Semiconductors,47.849998474121094,48.29999923706055,47.13999938964844,47.83000183105469,47.83000183105469,53767000,-0.04179026897403375,1.1599998474121094
2020-01-08 05:00:00+00:00,AMGN,Amgen Inc.,Healthcare,Drug Manufacturers - General,197.80339566398808,199.17513282969503,196.7060186168358,198.04449462890625,198.04449462890625,2214700,0.1218881830156873,2.469114212859239
2020-01-08 05:00:00+00:00,AMZN,"Amazon.com, Inc.",Consumer Cyclical,Internet Retail,94.9020004272461,95.5500030517578,94.3219985961914,94.59850311279295,94.59850311279295,70160000,-0.3198007556076826,1.228004455566392
2020-01-08 05:00:00+00:00,APD,"Air Products and Chemicals, Inc.",Basic Materials,Specialty Chemicals,196.8545751321641,197.92654273814924,195.2552507513208,197.18307495117188,197.18307495117188,965700,0.16687436336556596,2.671291986828436
2020-01-08 05:00:00+00:00,AVGO,Broadcom Inc.,Technology,Semiconductors,26.926001213253635,26.969877565436384,26.53283864236517,26.561229705810547,26.561229705810547,31979000,-1.354718454307795,0.4370389230712135
2020-01-08 05:00:00+00:00,AXP,American Express Company,Financial Services,Credit Services,114.71549000672373,116.85166489853611,114.48430200353025,116.09336853027344,116.09336853027344,3458200,1.2011268255655367,2.3673628950058685
2020-01-08 05:00:00+00:00,BA,The Boeing Company,Industrials,Aerospace & Defense,330.434002028855,332.05436618843447,327.6505748656441,329.41009521484375,329.41009521484375,8239200,-0.30986726781278057,4.403791322790369
2020-01-08 05:00:00+00:00,BAC,Bank of America Corporation,Financial Services,Banks - Diversified,29.836972262278294,30.37208626565092,29.819710095405412,30.182209014892575,30.182209014892575,45311600,1.1570770304021407,0.552376170245509
2020-01-08 05:00:00+00:00,BIIB,Biogen Inc.,Healthcare,Drug Manufacturers - General,288.8800048828125,294.19000244140625,287.80999755859375,292.6600036621094,292.6600036621094,1059000,1.3085013553742757,6.3800048828125
2020-01-08 05:00:00+00:00,BLK,"BlackRock, Inc.",Financial Services,Asset Management,439.1504259308084,441.20016851011286,434.3677460326869,438.5709838867187,438.5709838867187,726500,-0.1319461418855626,6.8324224774259505
2020-01-08 05:00:00+00:00,BMY,Bristol-Myers Squibb Company,Healthcare,Drug Manufacturers - General,50.90417957263319,51.349241476219,50.753173828125,50.753173828125,50.753173828125,18527000,-0.29664704504809003,0.5960676480939995
2020-01-08 05:00:00+00:00,BRK-B,Berkshire Hathaway Inc.,Financial Services,Insurance - Diversified,226.02999877929688,227.83999633789065,225.8699951171875,225.9900054931641,225.9900054931641,3780300,-0.0176937956681736,1.9700012207031534
2020-01-08 05:00:00+00:00,C,Citigroup Inc.,Financial Services,Banks - Diversified,63.00467086654778,63.98849668819292,62.93268673693448,63.47658920288086,63.47658920288086,11292400,0.7490211913536827,1.0558099512584391
2020-01-08 05:00:00+00:00,CAT,Caterpillar Inc.,Industrials,Farm & Heavy Construction Machinery,129.30638406012258,130.83872633186536,128.9805464920044,130.054931640625,130.054931640625,2153200,0.5788945270903034,1.8581798398609521
2020-01-08 05:00:00+00:00,CB,Chubb Limited,Financial Services,Insurance - Property & Casualty,139.65143066703692,140.65089344614265,138.71557636664582,138.8972930908203,138.8972930908203,2106300,-0.5400142144011792,1.9353170794968264
2020-01-08 05:00:00+00:00,CI,The Cigna Group,Healthcare,Healthcare Plans,190.1852740911248,193.65184379878409,189.50843452729717,193.36830139160156,193.36830139160156,1483600,1.6736455099839433,4.143409271486917
2020-01-08 05:00:00+00:00,CL,Colgate-Palmolive Company,Consumer Defensive,Household & Personal Products,58.51177906234513,60.10833801678668,58.45136893707035,59.780391693115234,59.780391693115234,4676100,2.168132042982974,1.6569690797163332
2020-01-08 05:00:00+00:00,CMCSA,Comcast Corporation,Communication Services,Telecom Services,35.57809833328186,36.07685855817841,35.4355958722201,35.93435287475586,35.93435287475586,19309926,1.001331038372953,0.6412626859583099
2020-01-08 05:00:00+00:00,CME,CME Group Inc.,Financial Services,Financial Data & Stock Exchanges,164.69078370798567,166.95012026083546,164.69078370798567,165.12342834472656,165.12342834472656,1512300,0.2627011827862901,2.2593365528497884
2020-01-08 05:00:00+00:00,COF,Capital One Financial Corporation,Financial Services,Credit Services,90.66558668682612,91.60372509252748,90.44908844403146,91.23387908935548,91.23387908935548,2194600,0.6268005571864235,1.154636648496023
2020-01-08 05:00:00+00:00,COP,ConocoPhillips,Energy,Oil & Gas E&P,53.35873668339517,53.5032752737323,51.80896418057686,52.14622497558594,52.14622497558594,6470100,-2.2723770898169686,1.6943110931554415
2020-01-08 05:00:00+00:00,COST,Costco Wholesale Corporation,Consumer Defensive,Discount Stores,265.6773860266201,269.77682936356575,265.2300190070795,269.0555419921875,269.0555419921875,2492800,1.2715255957949283,4.546810356486276
2020-01-08 05:00:00+00:00,CRM,"Salesforce, Inc.",Technology,Software - Application,173.12646661533475,176.70302097694156,172.6522329434439,175.20126342773438,175.20126342773438,7225100,1.1984284396039593,4.050788033497668
2020-01-08 05:00:00+00:00,CSCO,"Cisco Systems, Inc.",Technology,Communication Equipment,39.26035503740521,39.94576015370682,39.126617531506206,39.72007751464844,39.72007751464844,25175900,1.1709585326093614,0.8191426222006157
2020-01-08 05:00:00+00:00,CSX,CSX Corporation,Industrials,Railroads,22.59609721768744,22.706817946754978,22.47307516308256,22.568416595458984,22.568416595458984,8612700,-0.12250178409919454,0.23374278367241885
2020-01-08 05:00:00+00:00,CVS,CVS Health Corporation,Healthcare,Healthcare Plans,59.2705031042583,59.752839377036885,58.53473009414185,59.401309967041016,59.401309967041016,8311200,0.22069470635776456,1.2181092828950355
2020-01-08 05:00:00+00:00,CVX,Chevron Corporation,Energy,Oil & Gas Integrated,90.71412003102311,91.12732133438212,90.02544146210704,90.0636978149414,90.0636978149414,7295900,-0.717002177675616,1.1018798722750773
2020-01-08 05:00:00+00:00,DD,"DuPont de Nemours, Inc.",Basic Materials,Specialty Chemicals,22.810216104243914,22.9662972409161,22.616972227484705,22.85481071472168,22.85481071472168,15204463,0.19550279696591374,0.3493250134313932
2020-01-08 05:00:00+00:00,DE,Deere & Company,Industrials,Farm & Heavy Construction Machinery,160.71383059638012,162.81370072575473,160.24412761198633,162.0032196044922,162.0032196044922,1713900,0.8022887658936239,2.5695731137683993
2020-01-08 05:00:00+00:00,DHR,Danaher Corporation,Healthcare,Diagnostics & Research,135.85859080211438,136.23861948958006,134.96899305859532,134.98626708984375,134.98626708984375,3144977,-0.6420821142928063,1.2696264309847436
2020-01-08 05:00:00+00:00,DIS,The Walt Disney Company,Communication Services,Entertainment,142.14264341317644,142.7679180134425,141.4880602306887,142.05470275878906,142.05470275878906,6984200,-0.06186789008261072,1.2798577827538224
2020-01-08 05:00:00+00:00,DOW,Dow Inc.,Basic Materials,Chemicals,37.53008795359616,38.07431241333225,37.179204417175455,37.75923538208008,37.75923538208008,3629700,0.6105699213048676,0.8951079961567956
2020-01-08 05:00:00+00:00,ECL,Ecolab Inc.,Basic Materials,Specialty Chemicals,175.86509156046714,177.11256299403524,174.63638307734138,175.90260314941406,175.90260314941406,1185900,0.021329752604159983,2.476179916693866
2020-01-08 05:00:00+00:00,EL,The Estée Lauder Companies Inc.,Consumer Defensive,Household & Personal Products,191.78263873610507,193.54813685572137,190.4146153517286,192.0044860839844,192.0044860839844,1614300,0.11567644982953701,3.1335215039927675
2020-01-08 05:00:00+00:00,ELV,"Elevance Health, Inc.",Healthcare,Healthcare Plans,277.4164839872878,284.6725119979156,275.2221519911467,283.49237060546875,283.49237060546875,2067800,2.1901678410931695,9.450360006768904
2020-01-08 05:00:00+00:00,EMR,Emerson Electric Co.,Industrials,Specialty Industrial Machinery,67.44086672746987,68.01810319654862,67.20471937938592,67.79071044921875,67.79071044921875,2554300,0.5187414378326564,0.8133838171627019
2020-01-08 05:00:00+00:00,EOG,"EOG Resources, Inc.",Energy,Oil & Gas E&P,67.38568425501548,67.6122184482609,65.67159549760505,65.95098114013672,65.95098114013672,5337300,-2.129091854954302,1.9406229506558503
2020-01-08 05:00:00+00:00,ETN,Eaton Corporation plc,Industrials,Specialty Industrial Machinery,85.34908196536115,85.99703056904957,85.17810048698142,85.61006164550781,85.61006164550781,2480500,0.3057791298242433,0.8189300820681495
2020-01-08 05:00:00+00:00,FCX,Freeport-McMoRan Inc.,Basic Materials,Copper,12.21277004547487,12.38019596444416,12.073248150649489,12.25927734375,12.25927734375,17484700,0.38080876084587545,0.30694781379467173
2020-01-08 05:00:00+00:00,FDX,FedEx Corporation,Industrials,Integrated Freight & Logistics,138.33001807283267,141.17590293709102,137.75724694201728,140.6210479736328,140.6210479736328,3053200,1.6562058855467516,3.418655995073749
2020-01-08 05:00:00+00:00,GD,General Dynamics Corporation,Industrials,Aerospace & Defense,155.90705538676258,157.41248900158067,155.38794990704827,156.14930725097656,156.14930725097656,1226400,0.15538223309588084,2.0245390945324004
2020-01-08 05:00:00+00:00,GE,GE Aerospace,Industrials,Aerospace & Defense,58.12246371106635,58.41331965867237,57.54075552603555,57.88008499145508,57.88008499145508,11115771,-0.41701384307480055,0.8725641326368248
2020-01-08 05:00:00+00:00,GILD,"Gilead Sciences, Inc.",Healthcare,Drug Manufacturers - General,51.63978263704824,52.536001528154934,51.40184541944727,52.187034606933594,52.187034606933594,6607300,1.0597487865735775,1.1341561087076641
2020-01-08 05:00:00+00:00,GOOGL,Alphabet Inc.,Communication Services,Internet Content & Information,69.21800440208847,70.06312039428155,69.10932845842892,69.72517395019531,69.72517395019531,35314000,0.7327133344681375,0.9537919358526352
2020-01-08 05:00:00+00:00,GS,"The Goldman Sachs Group, Inc.",Financial Services,Capital Markets,204.36186369532996,207.8910316683416,204.18844316602613,206.16546630859375,206.16546630859375,3564700,0.8825534180646676,3.7025885023154785
2020-01-08 05:00:00+00:00,HAL,Halliburton Company,Energy,Oil & Gas Equipment & Services,21.926365488931697,22.06077449475963,21.2901701534272,21.550024032592773,21.550024032592773,14021100,-1.7163877731076729,0.7706043413324295
2020-01-08 05:00:00+00:00,HD,"The Home Depot, Inc.",Consumer Cyclical,Home Improvement Retail,189.24554834095375,192.85228316296448,189.13310389400817,191.8316650390625,191.8316650390625,4916200,1.3665403074367082,3.71917926895631
2020-01-08 05:00:00+00:00,HON,Honeywell International Inc.,Industrials,Conglomerates,147.7720248726921,148.96138115988725,146.99020704881826,147.8468780517578,147.8468780517578,2700776,0.0506544991382501,1.97117411106899
2020-01-08 05:00:00+00:00,IBM,International Business Machines Corporation,Technology,Information Technology Services,98.77850483350517,99.76989064837946,98.3452313857362,99.3659896850586,99.3659896850586,4545916,0.5947496902728526,1.4246592626432601
2020-01-08 05:00:00+00:00,INTC,Intel Corporation,Technology,Semiconductors,51.94639117725853,52.32569096144104,51.62001811816435,52.01696014404297,52.01696014404297,23133500,0.1358496041498443,0.7056728432766874
2020-01-08 05:00:00+00:00,INTU,Intuit Inc.,Technology,Software - Application,257.2900189806628,263.7894615247916,256.137962400349,261.9750061035156,261.9750061035156,1373900,1.8208973443330219,7.65149912444258
2020-01-08 05:00:00+00:00,ISRG,"Intuitive Surgical, Inc.",Healthcare,Medical Instruments & Supplies,193.84666442871097,195.1233367919922,192.19667053222656,193.9266662597656,193.9266662597656,2679300,0.04127067715630058,2.926666259765625
2020-01-08 05:00:00+00:00,ITW,Illinois Tool Works Inc.,Industrials,Specialty Industrial Machinery,154.78609465818252,155.82808505867808,154.03934193753847,155.20289611816406,155.20289611816406,1168400,0.2692757775832344,1.7887431211396176
2020-01-08 05:00:00+00:00,JNJ,Johnson & Johnson,Healthcare,Drug Manufacturers - General,122.36107706668392,123.29861330472568,121.37286528409643,122.43710327148438,122.43710327148438,6605800,0.06213267047250965,1.9257480206292428
2020-01-08 05:00:00+00:00,JPM,JPMorgan Chase & Co.,Financial Services,Banks - Diversified,115.22391904781732,116.82024576335374,115.1390160466574,116.27681732177734,116.27681732177734,9695300,0.913784466507408,1.6812297166963361
2020-01-08 05:00:00+00:00,KO,The Coca-Cola Company,Consumer Defensive,Beverages - Non-Alcoholic,45.14614729711836,45.45394214026833,45.04632254295086,45.21269607543945,45.21269607543945,10676000,0.14740743630484682,0.40761959731747055
2020-01-08 05:00:00+00:00,LIN,Linde plc,Basic Materials,Specialty Chemicals,188.36588245097713,191.04541682229495,188.2098837446784,190.3112945556641,190.3112945556641,1327300,1.032783686394624,2.83553307761656
2020-01-08 05:00:00+00:00,LLY,Eli Lilly and Company,Healthcare,Drug Manufacturers - General,123.23065037554284,124.85871641228286,122.81199346675086,124.3935546875,124.3935546875,5188600,0.9436810634474758,2.0467229455319966
2020-01-08 05:00:00+00:00,LMT,Lockheed Martin Corporation,Industrials,Aerospace & Defense,354.421623061484,355.37340575361037,348.1840231224607,349.2972717285156,349.2972717285156,1708100,-1.4458348474069909,7.18938263114967
2020-01-08 05:00:00+00:00,LOW,"Lowe's Companies, Inc.",Consumer Cyclical,Home Improvement Retail,107.19817534147286,109.50006036148388,106.68961998188604,108.42941284179688,108.42941284179688,4030100,1.1485619940843077,2.8104403795978357
2020-01-08 05:00:00+00:00,MA,Mastercard Incorporated,Financial Services,Credit Services,290.7662305692807,296.7308277972386,290.5052302098183,294.9424133300781,294.9424133300781,3224400,1.4362681500602803,6.225597587420282
2020-01-08 05:00:00+00:00,MCD,McDonald's Corporation,Consumer Cyclical,Restaurants,176.35756887272544,179.90004550035675,175.99200842562666,179.2211456298828,179.2211456298828,5284200,1.6237334045038774,3.908037074730089
2020-01-08 05:00:00+00:00,META,"Meta Platforms, Inc.",Communication Services,Internet Content & Information,211.52243429085627,214.73996409850793,211.1351402989765,213.72703552246097,213.72703552246097,13475000,1.0422540942268266,3.604823799531431
2020-01-08 05:00:00+00:00,MMM,3M Company,Industrials,Conglomerates,119.34158892817452,121.68819368602492,119.10692355817456,121.10488891601562,121.10488891601562,3298927,1.477523471639335,2.5812701278503596
2020-01-08 05:00:00+00:00,MPC,Marathon Petroleum Corporation,Energy,Oil & Gas Refining & Marketing,48.86828408324538,49.025872229404634,47.93106364011201,48.53652572631836,48.53652572631836,5585200,-0.6788827624106463,1.0948085892926258
2020-01-08 05:00:00+00:00,MRK,"Merck & Co., Inc.",Healthcare,Drug Manufacturers - General,70.29956411776094,70.62308781382443,69.76298469229367,69.91291046142578,69.91291046142578,15200506,-0.5500086112731234,0.8601031215307557
2020-01-08 05:00:00+00:00,MS,Morgan Stanley,Financial Services,Capital Markets,41.944627547572686,42.62779313416706,41.89524420192531,42.44671249389648,42.44671249389648,6185200,1.1970184876581322,0.7325489322417482
2020-01-08 05:00:00+00:00,MSFT,Microsoft Corporation,Technology,Software - Infrastructure,150.9010700366723,152.67661008398238,149.97058233307885,152.00247192382812,152.00247192382812,27746500,0.7298834175848795,2.70602775090353
2020-01-08 05:00:00+00:00,NEM,Newmont Corporation,Basic Materials,Gold,36.29811600055772,36.40719584414833,35.20732716703222,35.30801773071289,35.30801773071289,9455300,-2.7276850121632097,1.1998686771161147
2020-01-08 05:00:00+00:00,NFLX,"Netflix, Inc.",Communication Services,Entertainment,33.14899826049805,34.27000045776367,33.10499954223633,33.92599868774414,33.92599868774414,71045000,2.343963522336677,1.1650009155273438
2020-01-08 05:00:00+00:00,NKE,"NIKE, Inc.",Consumer Cyclical,Footwear & Accessories,93.45231557371724,94.21794181902064,93.02799437500336,93.6737060546875,93.6737060546875,4942200,0.2369020816778149,1.1899474440172781
2020-01-08 05:00:00+00:00,NOC,Northrop Grumman Corporation,Industrials,Aerospace & Defense,340.71335745391445,343.49374573449893,332.47174785323836,335.36083984375,335.36083984375,1312400,-1.5709738092344814,11.021997881260575
2020-01-08 05:00:00+00:00,NOW,"ServiceNow, Inc.",Technology,Software - Application,58.9119987487793,59.53799819946289,58.64799880981445,59.130001068115234,59.130001068115234,8704000,0.3700473994535021,0.8899993896484375
2020-01-08 05:00:00+00:00,NSC,Norfolk Southern Corporation,Industrials,Railroads,173.25220387953723,175.4792532038657,172.51277772877307,173.9652099609375,173.9652099609375,1133600,0.4115422865824099,2.9664754750926363
2020-01-08 05:00:00+00:00,NUE,Nucor Corporation,Basic Materials,Steel,47.924427972414904,48.37831026277933,47.7286387405301,47.773136138916016,47.773136138916016,2130200,-0.31568834496255466,0.6496715222492284
2020-01-08 05:00:00+00:00,NVDA,NVIDIA Corporation,Technology,Semiconductors,5.9673459753710665,6.024092668572486,5.927275132851267,5.982777118682861,5.982777118682861,277108000,0.2585930726236348,0.0968175357212191
2020-01-08 05:00:00+00:00,ORCL,Oracle Corporation,Technology,Software - Infrastructure,49.531584600816494,50.137643909509755,49.311201308344,49.706058502197266,49.706058502197266,11856700,0.35224776834193106,0.826442601165752
2020-01-08 05:00:00+00:00,OXY,Occidental Petroleum Corporation,Energy,Oil & Gas E&P,41.56421975851609,41.78326507583601,40.40509421923866,41.05310821533203,41.05310821533203,12250900,-1.2296911770594126,1.3781708565973503
2020-01-08 05:00:00+00:00,PEP,"PepsiCo, Inc.",Consumer Defensive,Beverages - Non-Alcoholic,111.98138976190218,112.7309254027862,111.65658928980298,112.18125915527344,112.18125915527344,3681400,0.17848447299700995,1.074336112983218
2020-01-08 05:00:00+00:00,PFE,Pfizer Inc.,Healthcare,Drug Manufacturers - General,27.227896567317423,27.55103410777834,27.220872206581056,27.43863868713379,27.43863868713379,16403507,0.7739933905483076,0.3301619011972825
2020-01-08 05:00:00+00:00,PG,The Procter & Gamble Company,Consumer Defensive,Household & Personal Products,104.48084148598434,105.54112479606604,104.31837635327402,104.75446319580078,104.75446319580078,5385100,0.26188696982608434,1.2227484427920245
2020-01-08 05:00:00+00:00,PM,Philip Morris International Inc.,Consumer Defensive,Tobacco,63.946089917478055,65.08798096777006,63.6735066447731,64.85960388183594,64.85960388183594,5337600,1.4285689172500857,1.4144743229969663
2020-01-08 05:00:00+00:00,PNC,"The PNC Financial Services Group, Inc.",Financial Services,Banks - Regional,125.6704288815487,127.18961229536272,125.1136635859704,126.3783187866211,126.3783187866211,1958400,0.5632907529420601,2.0759487093923212
2020-01-08 05:00:00+00:00,PSX,Phillips 66,Energy,Oil & Gas Refining & Marketing,84.55758577733282,84.65126323824691,81.03695345121876,81.26333618164062,81.26333618164062,3452600,-3.8958652442691615,3.614309787028148
2020-01-08 05:00:00+00:00,QCOM,QUALCOMM Incorporated,Technology,Semiconductors,77.8302304834674,78.32925418270503,76.97225651456358,77.66388702392578,77.66388702392578,7619900,-0.2137260271597891,1.356997668141446
2020-01-08 05:00:00+00:00,REGN,"Regeneron Pharmaceuticals, Inc.",Healthcare,Biotechnology,371.1217034513317,382.72735045171487,368.6653256214768,380.3107604980469,380.3107604980469,743100,2.4760225449655495,14.062024830238045
2020-01-08 05:00:00+00:00,RTX,RTX Corporation,Industrials,Aerospace & Defense,83.52751189101299,84.30757837275183,83.31476528450261,83.691162109375,83.691162109375,3772445,0.19592373178257666,0.9928130882492212
2020-01-08 05:00:00+00:00,SBUX,Starbucks Corporation,Consumer Cyclical,Restaurants,76.98735081192255,78.22173625882272,76.84727510434892,77.81027221679688,77.81027221679688,7296300,1.0689046917391536,1.3744611544737921
2020-01-08 05:00:00+00:00,SCHW,The Charles Schwab Corporation,Financial Services,Capital Markets,43.67064176522117,44.15822099908442,43.59704304572024,44.07542419433594,44.07542419433594,10887000,0.9268982839568254,0.5611779533641794
2020-01-08 05:00:00+00:00,SHW,The Sherwin-Williams Company,Basic Materials,Specialty Chemicals,177.62329964512202,180.24321760367488,177.29462723515414,179.911376953125,179.911376953125,1886400,1.288162821304631,2.9485903685207404
2020-01-08 05:00:00+00:00,SLB,SLB N.V.,Energy,Oil & Gas Equipment & Services,34.96985633868859,35.1087632862501,34.127734418010675,34.21455001831055,34.21455001831055,11327600,-2.159878247890922,0.9810288682394273
2020-01-08 05:00:00+00:00,SPGI,S&P Global Inc.,Financial Services,Financial Data & Stock Exchanges,268.2153503953516,272.8579647094654,267.454278456298,271.1455383300781,271.1455383300781,1004500,1.0924758521118936,5.403686253167393
2020-01-08 05:00:00+00:00,T,AT&T Inc.,Communication Services,Telecom Services,19.213398698656576,19.32087215585268,19.193857397165633,19.232938766479492,19.232938766479492,53645832,0.10170021519556845,0.12701475868704648
2020-01-08 05:00:00+00:00,TFC,Truist Financial Corporation,Financial Services,Banks - Regional,41.99266297245496,42.29575084361466,41.90931655382319,42.13663101196289,42.13663101196289,6232700,0.342840937718972,0.3864342897914739
2020-01-08 05:00:00+00:00,TGT,Target Corporation,Consumer Defensive,Discount Stores,105.83102635514312,106.85478214338376,105.22529691218408,105.2764892578125,105.2764892578125,5731600,-0.5239834823766445,1.6294852311996806
2020-01-08 05:00:00+00:00,TJX,"The TJX Companies, Inc.",Consumer Cyclical,Apparel Retail,57.10917025500848,57.719765491257405,57.10917025500848,57.28494644165039,57.28494644165039,3658100,0.3077897750169047,0.6105952362489262
2020-01-08 05:00:00+00:00,TMO,Thermo Fisher Scientific Inc.,Healthcare,Diagnostics & Research,321.15142295515835,325.49343958133335,320.20623125503596,322.4510803222656,322.4510803222656,939100,0.4046867845541947,5.287208326297389
2020-01-08 05:00:00+00:00,TSLA,"Tesla, Inc.",Consumer Cyclical,Auto Manufacturers,31.579999923706055,33.232666015625,31.215333938598633,32.80933380126953,32.80933380126953,467164500,3.8927608629937223,2.017332077026367
2020-01-08 05:00:00+00:00,TXN,Texas Instruments Incorporated,Technology,Semiconductors,108.29530405040298,109.32518202721808,108.06086339943464,108.64696502685548,108.64696502685548,3546900,0.32472412311510435,1.2643186277834388
2020-01-08 05:00:00+00:00,UNH,UnitedHealth Group Incorporated,Healthcare,Healthcare Plans,264.33616701273536,269.6682354612391,263.01222689230076,268.3261413574219,268.3261413574219,3379200,1.5094318684337602,6.656008568938319
2020-01-08 05:00:00+00:00,UNP,Union Pacific Corporation,Industrials,Railroads,155.7251883124907,158.49146054273714,155.36627045477044,157.5897979736328,157.5897979736328,2817500,1.1973719096749047,3.1251900879667005
2020-01-08 05:00:00+00:00,UPS,"United Parcel Service, Inc.",Industrials,Integrated Freight & Logistics,90.83854297242506,92.55485477789917,90.79130696155406,91.8462905883789,91.8462905883789,2016000,1.1093832892715574,1.7635478163451097
2020-01-08 05:00:00+00:00,USB,U.S. Bancorp,Financial Services,Banks - Regional,44.163971255486615,44.40331956115789,44.03271316774492,44.040435791015625,44.040435791015625,5627500,-0.2797200092273018,0.3706063934129702
2020-01-08 05:00:00+00:00,V,Visa Inc.,Financial Services,Credit Services,181.25013710623224,184.12924366192175,180.5901390404607,183.574462890625,183.574462890625,5712000,1.2823856696066651,3.5391046214610355
2020-01-08 05:00:00+00:00,VLO,Valero Energy Corporation,Energy,Oil & Gas Refining & Marketing,71.98680721428704,72.77265710301258,71.57443236200248,72.43030548095703,72.43030548095703,4101800,0.6160827015842021,1.198224741010094
2020-01-08 05:00:00+00:00,VMC,Vulcan Materials Company,Basic Materials,Building Materials,133.30404027801652,135.337040206341,133.15203676101856,134.30152893066406,134.30152893066406,674100,0.7482808852358884,2.1850034453224225
2020-01-08 05:00:00+00:00,VRTX,Vertex Pharmaceuticals Incorporated,Healthcare,Biotechnology,225.88999938964844,232.6999969482422,224.91000366210935,231.08999633789065,231.08999633789065,1802600,2.302004056085942,7.789993286132841
2020-01-08 05:00:00+00:00,VZ,Verizon Communications Inc.,Communication Services,Telecom Services,41.647023144372895,41.947144364605535,41.61910693463443,41.67494201660156,41.67494201660156,15926500,0.0670368975277885,0.3280374299711042
2020-01-08 05:00:00+00:00,WFC,Wells Fargo & Company,Financial Services,Banks - Diversified,45.05130834304848,45.46908307131251,45.01720361984214,45.03425598144531,45.03425598144531,16585600,-0.037850979761393226,0.45187945147036856
2020-01-08 05:00:00+00:00,WM,"Waste Management, Inc.",Industrials,Waste Management,105.29908878713066,105.64374140057352,104.91816350665306,105.28095245361328,105.28095245361328,1824600,-0.017223637665126895,0.7255778939204589
2020-01-08 05:00:00+00:00,WMT,Walmart Inc.,Consumer Defensive,Discount Stores,35.62514754968588,35.756865730414944,35.435229942851954,35.5822639465332,35.5822639465332,17627400,-0.12037452783280438,0.3216357875629896
2020-01-08 05:00:00+00:00,XOM,Exxon Mobil Corporation,Energy,Oil & Gas Integrated,53.063789776944645,53.200025667266736,52.35233504143818,52.39775085449219,52.39775085449219,15137700,-1.2551665179817988,0.8476906258285553
2020-01-08 05:00:00+00:00,ZTS,Zoetis Inc.,Healthcare,Drug Manufacturers - Specialty & Generic,126.61246613475602,128.04178781661042,126.12026297919586,126.1675796508789,126.1675796508789,1766700,-0.35137652512321493,1.921524837414566
2020-01-09 05:00:00+00:00,AAPL,Apple Inc.,Technology,Consumer Electronics,74.06135963491325,74.83032176731344,73.81066900497032,74.63748168945312,74.63748168945312,170108400,0.7778982959263557,1.0196527623431137
2020-01-09 05:00:00+00:00,ABBV,AbbVie Inc.,Healthcare,Drug Manufacturers - General,69.62196880054314,69.79213786798402,68.87941769820512,69.77666473388672,69.77666473388672,7518000,0.22219413786868994,0.9127201697789076
2020-01-09 05:00:00+00:00,ABT,Abbott Laboratories,Healthcare,Medical Devices,77.23217084008988,77.57224050123624,76.73995846287299,77.35746002197266,77.35746002197266,6432500,0.16222408423840687,0.8322820383632461
2020-01-09 05:00:00+00:00,ADBE,Adobe Inc.,Technology,Software - Application,340.1400146484375,341.80999755859375,338.19000244140625,340.45001220703125,340.45001220703125,1626300,0.0911382210982021,3.6199951171875
2020-01-09 05:00:00+00:00,AIG,"American International Group, Inc.",Financial Services,Insurance - Diversified,44.5510302923704,44.73926307718598,44.20023490675529,44.73070526123047,44.73070526123047,3219800,0.40330148973196733,0.5390281704306901
2020-01-09 05:00:00+00:00,AMAT,"Applied Materials, Inc.",Technology,Semiconductor Equipment & Materials,58.772669785177136,59.386851463180605,57.83721896489405,58.55534362792969,58.55534362792969,5713500,-0.36977417912408644,1.549632498286556
2020-01-09 05:00:00+00:00,AMD,"Advanced Micro Devices, Inc.",Technology,Semiconductors,48.939998626708984,49.959999084472656,48.38999938964844,48.970001220703125,48.970001220703125,76512800,0.06130485254604548,1.5699996948242188
2020-01-09 05:00:00+00:00,AMGN,Amgen Inc.,Healthcare,Drug Manufacturers - General,199.26658544216835,199.26658544216835,197.8366602608306,198.63475036621097,198.63475036621097,1629000,-0.3170802944986258,1.429925181337751
2020-01-09 05:00:00+00:00,AMZN,"Amazon.com, Inc.",Consumer Cyclical,Internet Retail,95.49449920654295,95.89099884033205,94.79000091552734,95.05249786376952,95.05249786376952,63346000,-0.4628552916094596,1.1009979248047017
2020-01-09 05:00:00+00:00,APD,"Air Products and Chemicals, Inc.",Basic Materials,Specialty Chemicals,198.89479798492548,202.05884645248483,198.21183808165057,201.86001586914065,201.86001586914065,1320900,1.4908473797489248,3.84700837083426
2020-01-09 05:00:00+00:00,AVGO,Broadcom Inc.,Technology,Semiconductors,26.86922661016134,26.92686694676972,26.071718476909933,26.347877502441406,26.347877502441406,42397000,-1.9403204836672614,0.8551484698597882
2020-01-09 05:00:00+00:00,AXP,American Express Company,Financial Services,Credit Services,116.97187830348943,118.25728301685652,116.87940451470794,118.19255065917967,118.19255065917967,2787100,1.0435605321504238,1.377878502148576
2020-01-09 05:00:00+00:00,BA,The Boeing Company,Industrials,Aerospace & Defense,332.96894496050135,339.7088433277258,330.0860727875837,334.3507080078125,334.3507080078125,8175600,0.4149825586512478,9.622770540142085
2020-01-09 05:00:00+00:00,BAC,Bank of America Corporation,Financial Services,Banks - Diversified,30.467024010400426,30.492918904772942,30.156311617301423,30.233989715576172,30.233989715576172,39861600,-0.7648738345586485,0.33660728747151936
2020-01-09 05:00:00+00:00,BIIB,Biogen Inc.,Healthcare,Drug Manufacturers - General,293.989990234375,296.57000732421875,292.3599853515625,294.29998779296875,294.29998779296875,966500,0.10544493652542844,4.21002197265625
2020-01-09 05:00:00+00:00,BLK,"BlackRock, Inc.",Financial Services,Asset Management,444.4347181499374,445.24768949760033,441.59797548791965,443.7601013183594,443.7601013183594,477100,-0.15179210894825454,3.649714009680679
2020-01-09 05:00:00+00:00,BMY,Bristol-Myers Squibb Company,Healthcare,Drug Manufacturers - General,50.97570097046061,52.27910164514083,50.95980850231177,52.01683044433594,52.01683044433594,16169300,2.042403447239781,1.3192931428290535
2020-01-09 05:00:00+00:00,BRK-B,Berkshire Hathaway Inc.,Financial Services,Insurance - Diversified,226.9199981689453,228.8500061035156,226.9199981689453,228.6499938964844,228.6499938964844,3497300,0.7623813421023754,1.930007934570284
2020-01-09 05:00:00+00:00,C,Citigroup Inc.,Financial Services,Banks - Diversified,64.77237751317018,64.77237751317018,63.77255695827846,64.05250549316406,64.05250549316406,12895900,-1.1113873654857735,0.9998205548917269
2020-01-09 05:00:00+00:00,CAT,Caterpillar Inc.,Industrials,Farm & Heavy Construction Machinery,130.16945293375005,130.310360785101,129.02460015751996,129.7291259765625,129.7291259765625,2272500,-0.33827211166943777,1.2857606275810554
2020-01-09 05:00:00+00:00,CB,Chubb Limited,Financial Services,Insurance - Property & Casualty,139.47878547209768,139.9694358446173,138.56110706555788,139.87857055664062,139.87857055664062,1796900,0.2866278790640294,1.408328779059417
2020-01-09 05:00:00+00:00,CI,The Cigna Group,Healthcare,Healthcare Plans,192.1060815525994,194.11833121031896,191.16398265889512,192.85610961914065,192.85610961914065,2018200,0.39042390562523716,2.954348551423834
2020-01-09 05:00:00+00:00,CL,Colgate-Palmolive Company,Consumer Defensive,Household & Personal Products,59.8753280711429,60.358615699850446,59.59916653368591,60.289573669433594,60.289573669433594,3996100,0.6918468952662623,0.7594491661645364
2020-01-09 05:00:00+00:00,CMCSA,Comcast Corporation,Communication Services,Telecom Services,35.93436006513607,36.10853192285901,35.76810877181126,36.02936172485352,36.02936172485352,15146492,0.26437554347774683,0.34042315104775156
2020-01-09 05:00:00+00:00,CME,CME Group Inc.,Financial Services,Financial Data & Stock Exchanges,165.19552495544704,168.44831810772573,164.70680401914072,167.022216796875,167.022216796875,1667200,1.1057756206898548,3.7415140885850064
2020-01-09 05:00:00+00:00,COF,Capital One Financial Corporation,Financial Services,Credit Services,92.00064618004303,92.71327091024868,91.48647477750708,92.46971893310548,92.46971893310548,1825500,0.5098581070229491,1.2267961327415975
2020-01-09 05:00:00+00:00,COP,ConocoPhillips,Energy,Oil & Gas E&P,51.84909923523104,53.11782576639699,51.624262862889054,53.053585052490234,53.053585052490234,6005100,2.3230602556751054,1.4935629035079359
2020-01-09 05:00:00+00:00,COST,Costco Wholesale Corporation,Consumer Defensive,Discount Stores,272.57983185880596,275.6932073833773,271.8129048117246,273.3741760253906,273.3741760253906,3261200,0.29141707263071776,3.8803025716526918
2020-01-09 05:00:00+00:00,CRM,"Salesforce, Inc.",Technology,Software - Application,176.69314439396973,177.74041740623258,175.16174806963804,177.44403076171875,177.44403076171875,5952900,0.42496632810765966,2.578669336594544
2020-01-09 05:00:00+00:00,CSCO,"Cisco Systems, Inc.",Technology,Communication Equipment,39.94574595653323,40.02097347614931,39.34392579960463,39.55289077758789,39.55289077758789,18203600,-0.9834718805171967,0.6770476765446816
2020-01-09 05:00:00+00:00,CSX,CSX Corporation,Industrials,Railroads,22.574569873180213,22.6822126351714,22.519210386472615,22.67913818359375,22.67913818359375,6462900,0.46321285854385114,0.16300224869878477
2020-01-09 05:00:00+00:00,CVS,CVS Health Corporation,Healthcare,Healthcare Plans,59.67927223576861,59.891830294261474,59.40948772736019,59.5648193359375,59.5648193359375,5426200,-0.19177998581978414,0.48234256690128774
2020-01-09 05:00:00+00:00,CVX,Chevron Corporation,Energy,Oil & Gas Integrated,89.97950049958355,90.23201687722612,88.90057590836648,89.91828918457031,89.91828918457031,7345300,-0.06802806714127296,1.3314409688596385
2020-01-09 05:00:00+00:00,DD,"DuPont de Nemours, Inc.",Basic Materials,Specialty Chemicals,22.83995210846996,22.962587323948803,22.620694078690295,22.65042495727539,22.65042495727539,13317797,-0.8298053791640123,0.3418932452585075
2020-01-09 05:00:00+00:00,DE,Deere & Company,Industrials,Farm & Heavy Construction Machinery,162.5834664783906,164.29652006120378,162.1966497407602,163.56893920898438,163.56893920898438,1459100,0.6061334229976982,2.0998703204435856
2020-01-09 05:00:00+00:00,DHR,Danaher Corporation,Healthcare,Diagnostics & Research,135.58219201933994,137.1886468485248,135.07260820706546,136.17813110351562,136.17813110351562,2374327,0.4395408241302633,2.1160386414593404
2020-01-09 05:00:00+00:00,DIS,The Walt Disney Company,Communication Services,Entertainment,143.1001004427005,143.25642282904738,141.282893697657,141.49783325195312,141.49783325195312,6664200,-1.1196827855400018,1.9735291313903929
2020-01-09 05:00:00+00:00,DOW,Dow Inc.,Basic Materials,Chemicals,37.773544938545655,38.00269229120468,37.100424931566266,37.372535705566406,37.372535705566406,2667800,-1.0616139778028681,0.9022673596384152
2020-01-09 05:00:00+00:00,ECL,Ecolab Inc.,Basic Materials,Specialty Chemicals,176.2496192022589,178.4819232667819,176.2496192022589,178.2474365234375,178.2474365234375,1115600,1.1335158227411264,2.2323040645229923
2020-01-09 05:00:00+00:00,EL,The Estée Lauder Companies Inc.,Consumer Defensive,Household & Personal Products,193.22464276455875,195.97919489219657,191.44066765312832,195.9237365722656,195.9237365722656,1277100,1.3968683130110113,4.538527239068259
2020-01-09 05:00:00+00:00,ELV,"Elevance Health, Inc.",Healthcare,Healthcare Plans,283.81500300309943,284.8937392503498,281.9341713908065,282.50579833984375,282.50579833984375,1439900,-0.46128803953376174,2.959567859543313
2020-01-09 05:00:00+00:00,EMR,Emerson Electric Co.,Industrials,Specialty Industrial Machinery,68.00938750599656,68.0618617485341,67.37092197335168,68.04437255859375,68.04437255859375,2309100,0.05144150518060226,0.6909397751824145
2020-01-09 05:00:00+00:00,EOG,"EOG Resources, Inc.",Energy,Oil & Gas E&P,65.35445179755037,66.7287450168795,63.96505322623747,66.63813018798828,66.63813018798828,6908200,1.964178958174703,2.763691790642028
2020-01-09 05:00:00+00:00,ETN,Eaton Corporation plc,Industrials,Specialty Industrial Machinery,86.04201490654322,86.06901161608158,85.33107180314336,85.66404724121094,85.66404724121094,2736900,-0.4392826757286165,0.7379398129382224
2020-01-09 05:00:00+00:00,FCX,Freeport-McMoRan Inc.,Basic Materials,Copper,12.29648082958629,12.29648082958629,11.95232830251914,12.054643630981444,12.054643630981444,16540900,-1.9667187869147693,0.34415252706715016
2020-01-09 05:00:00+00:00,FDX,FedEx Corporation,Industrials,Integrated Freight & Logistics,141.35486756434557,141.6770444531239,140.13775639069567,141.44436645507812,141.44436645507812,2240200,0.06331503985302557,1.539288062428227
2020-01-09 05:00:00+00:00,GD,General Dynamics Corporation,Industrials,Aerospace & Defense,156.59924820994266,158.25176278212257,156.56464645004297,157.12701416015625,157.12701416015625,1581600,0.3370169117964408,1.6871163320795972
2020-01-09 05:00:00+00:00,GE,GE Aerospace,Industrials,Aerospace & Defense,58.51027067805269,58.60722142431426,57.34685059237014,57.734657287597656,57.734657287597656,7900488,-1.325602123296909,1.2603708319441225
2020-01-09 05:00:00+00:00,GILD,"Gilead Sciences, Inc.",Healthcare,Drug Manufacturers - General,52.19496511614405,52.401176982640315,51.79048028889533,52.21875762939453,52.21875762939453,5942300,0.04558392403853731,0.610696693744984
2020-01-09 05:00:00+00:00,GOOGL,Alphabet Inc.,Communication Services,Internet Content & Information,70.56333031718493,70.89830085438531,69.98172629744387,70.45713806152344,70.45713806152344,33200000,-0.15049212556175995,0.9165745569414412
2020-01-09 05:00:00+00:00,GS,"The Goldman Sachs Group, Inc.",Financial Services,Capital Markets,209.2697758173884,211.056032690732,207.95176900143292,210.3623504638672,210.3623504638672,3980700,0.5220890796156775,3.1042636892990743
2020-01-09 05:00:00+00:00,HAL,Halliburton Company,Energy,Oil & Gas Equipment & Services,21.585864926133222,21.774034782643227,21.030312651952617,21.67547035217285,21.67547035217285,13480200,0.4151115850407599,0.7437221306906103
2020-01-09 05:00:00+00:00,HD,"The Home Depot, Inc.",Consumer Cyclical,Home Improvement Retail,192.56685431174137,195.08378861278464,191.88356953607197,194.7724151611328,194.7724151611328,4843600,1.1453481219675128,3.2002190767126706
2020-01-09 05:00:00+00:00,HON,Honeywell International Inc.,Industrials,Conglomerates,148.6286976565113,149.2358580698401,148.09640388836905,148.93643188476562,148.93643188476562,1898660,0.20704899733799903,1.1394541814710522
2020-01-09 05:00:00+00:00,IBM,International Business Machines Corporation,Technology,Information Technology Services,99.68174828027654,100.45282863886592,99.36597653295937,100.41610717773438,100.41610717773438,3902208,0.7367034689169286,1.0868521059065586
2020-01-09 05:00:00+00:00,INTC,Intel Corporation,Technology,Semiconductors,52.087525276447536,52.493286737060295,51.89346734936646,52.308048248291016,52.308048248291016,18813300,0.4233700308722354,0.5998193876938345
2020-01-09 05:00:00+00:00,INTU,Intuit Inc.,Technology,Software - Application,263.56208639882914,266.7075065701598,263.14847411136515,264.42779541015625,264.42779541015625,1076300,0.32846492572421765,3.559032458794661
2020-01-09 05:00:00+00:00,ISRG,"Intuitive Surgical, Inc.",Healthcare,Medical Instruments & Supplies,195.836669921875,196.5833282470703,194.02667236328125,195.26333618164065,195.26333618164065,2988900,-0.2927611771906999,2.5566558837890625
2020-01-09 05:00:00+00:00,ITW,Illinois Tool Works Inc.,Industrials,Specialty Industrial Machinery,155.81948035468918,156.12339659931584,154.65593877431496,155.9757843017578,155.9757843017578,1264400,0.10031091537004506,1.4674578250008778
2020-01-09 05:00:00+00:00,JNJ,Johnson & Johnson,Healthcare,Drug Manufacturers - General,123.11280841712252,123.34086128155737,122.46245500400526,122.80030059814452,122.80030059814452,6112700,-0.25383859161037703,0.8784062775521022
2020-01-09 05:00:00+00:00,JPM,JPMorgan Chase & Co.,Financial Services,Banks - Diversified,117.21931115408924,117.37214430875385,116.361704153957,116.70135498046876,116.70135498046876,9469000,-0.4418693204395332,1.0104401547968394
2020-01-09 05:00:00+00:00,KO,The Coca-Cola Company,Consumer Defensive,Beverages - Non-Alcoholic,45.75343441660672,46.086187936258405,45.62033364342059,46.03627395629883,46.03627395629883,15398000,0.618182095614325,0.4658542928378182
2020-01-09 05:00:00+00:00,LIN,Linde plc,Basic Materials,Specialty Chemicals,190.94446812970776,192.46776932908105,190.69669889795017,191.65106201171875,191.65106201171875,1086100,0.3700520307982978,1.7710704311308803
2020-01-09 05:00:00+00:00,LLY,Eli Lilly and Company,Healthcare,Drug Manufacturers - General,125.17503858927996,126.8589219717004,124.67265591431908,126.44957733154295,126.44957733154295,4522800,1.018205192206861,2.1862660573813173
2020-01-09 05:00:00+00:00,LMT,Lockheed Martin Corporation,Industrials,Aerospace & Defense,348.83835431637084,353.5208137785621,348.42195588752514,352.61151123046875,352.61151123046875,1064300,1.0816347650453406,5.098857891036971
2020-01-09 05:00:00+00:00,LOW,"Lowe's Companies, Inc.",Consumer Cyclical,Home Improvement Retail,108.46510357624908,109.63388716787686,108.40264964708504,108.89336395263672,108.89336395263672,2932400,0.3948370141799397,1.2312375207918222
2020-01-09 05:00:00+00:00,MA,Mastercard Incorporated,Financial Services,Credit Services,298.0165275466929,300.5879725245776,297.7651742062666,298.8092346191406,298.8092346191406,3292600,0.26599433225177077,2.8227983183110155
2020-01-09 05:00:00+00:00,MCD,McDonald's Corporation,Consumer Cyclical,Restaurants,180.04802988084572,182.2326937338581,179.38654137039256,181.34490966796875,181.34490966796875,5971600,0.7202965719654341,2.846152363465535
2020-01-09 05:00:00+00:00,META,"Meta Platforms, Inc.",Communication Services,Internet Content & Information,216.03095261005296,216.86513717856823,214.77969848669196,216.7856903076172,216.7856903076172,12642800,0.3493655369499593,2.085438691876277
2020-01-09 05:00:00+00:00,MMM,3M Company,Industrials,Conglomerates,121.6949132732805,121.74854163969007,120.5216107544323,121.48706817626952,121.48706817626952,3284575,-0.17079193486439925,1.2269308852577723
2020-01-09 05:00:00+00:00,MPC,Marathon Petroleum Corporation,Energy,Oil & Gas Refining & Marketing,48.453582801483826,49.28298342319149,48.07205927483725,49.25810241699219,49.25810241699219,6179700,1.6603924188733559,1.2109241483542377
2020-01-09 05:00:00+00:00,MRK,"Merck & Co., Inc.",Healthcare,Drug Manufacturers - General,70.18906450003313,71.05706013050946,70.05491811479742,70.52837371826172,70.52837371826172,9714750,0.48342177039335305,1.0021420157120389
2020-01-09 05:00:00+00:00,MS,Morgan Stanley,Financial Services,Capital Markets,42.94056235216219,43.006410995736346,42.65248238611564,42.85002517700195,42.85002517700195,7308000,-0.21084301229622143,0.35392860962070216
2020-01-09 05:00:00+00:00,MSFT,Microsoft Corporation,Technology,Software - Infrastructure,153.66402741514324,154.02483489198275,152.89494999382345,153.90139770507812,153.90139770507812,21385000,0.1544735576229566,1.129884898159304
2020-01-09 05:00:00+00:00,NEM,Newmont Corporation,Basic Materials,Gold,35.02273541269445,35.45904840055423,34.86331028175178,34.95560836791992,34.95560836791992,6096000,-0.19166705279736357,0.5957381188024513
2020-01-09 05:00:00+00:00,NFLX,"Netflix, Inc.",Communication Services,Entertainment,34.20000076293945,34.34199905395508,33.46099853515625,33.566001892089844,33.566001892089844,47093000,-1.8537978266264747,0.8810005187988281
2020-01-09 05:00:00+00:00,NKE,"NIKE, Inc.",Consumer Cyclical,Footwear & Accessories,94.03345970062102,94.46700727554514,93.52611529642196,93.60913848876952,93.60913848876952,5007500,-0.4512449219697313,0.9408919791231796
2020-01-09 05:00:00+00:00,NOC,Northrop Grumman Corporation,Industrials,Aerospace & Defense,335.60539917422824,338.268073773273,334.3465310228997,337.235595703125,337.235595703125,741500,0.48574800432529713,3.9215427503733054
2020-01-09 05:00:00+00:00,NOW,"ServiceNow, Inc.",Technology,Software - Application,59.459999084472656,59.95399856567383,58.84600067138672,59.86199951171875,59.86199951171875,7017500,0.6760854918194438,1.1079978942871094
2020-01-09 05:00:00+00:00,NSC,Norfolk Southern Corporation,Industrials,Railroads,175.01271484835505,175.1535457696802,173.96520679949427,174.5549774169922,174.5549774169922,1812000,-0.2615452435895748,1.1883389701859244
2020-01-09 05:00:00+00:00,NUE,Nucor Corporation,Basic Materials,Steel,47.83542445886915,47.89772148424418,47.23025044528322,47.61293411254883,47.61293411254883,2672800,-0.4651162790697651,0.6674710389609615
2020-01-09 05:00:00+00:00,NVDA,NVIDIA Corporation,Technology,Semiconductors,6.069139231981593,6.12090802671999,5.994721708224297,6.048481464385986,6.048481464385986,255112000,-0.3403739279328039,0.12618631849569262
2020-01-09 05:00:00+00:00,ORCL,Oracle Corporation,Technology,Software - Infrastructure,49.816254461206995,50.32130334502041,49.61423350650979,49.93563079833984,49.93563079833984,10671000,0.23963330528151716,0.7070698385106198
2020-01-09 05:00:00+00:00,OXY,Occidental Petroleum Corporation,Energy,Oil & Gas E&P,40.93445857962392,41.436444709095866,39.948747641591936,41.409061431884766,41.409061431884766,14635000,1.159421349955484,1.4876970675039303
2020-01-09 05:00:00+00:00,PEP,"PepsiCo, Inc.",Consumer Defensive,Beverages - Non-Alcoholic,112.67263715644496,112.74760089711953,112.03969614410778,112.2562255859375,112.2562255859375,3954700,-0.36957648371119584,0.7079047530117464
2020-01-09 05:00:00+00:00,PFE,Pfizer Inc.,Healthcare,Drug Manufacturers - General,27.58616905597841,27.58616905597841,27.248982667902094,27.31922912597656,27.31922912597656,21971895,-0.9676585736140839,0.33718638807631507
2020-01-09 05:00:00+00:00,PG,The Procter & Gamble Company,Consumer Defensive,Household & Personal Products,104.75446441138872,105.92590431217012,104.75446441138872,105.90025329589844,105.90025329589844,5944000,1.0937852538771082,1.1714399007813938
2020-01-09 05:00:00+00:00,PM,Philip Morris International Inc.,Consumer Defensive,Tobacco,65.10270629899551,65.32371470983792,64.4028322797772,65.0363998413086,65.0363998413086,6180100,-0.10184900360730995,0.9208824300607148
2020-01-09 05:00:00+00:00,PNC,"The PNC Financial Services Group, Inc.",Financial Services,Banks - Regional,127.56345550610186,128.25543443142342,127.133942138501,127.90546417236328,127.90546417236328,1652000,0.26810865612296103,1.1214922929224258
2020-01-09 05:00:00+00:00,PSX,Phillips 66,Energy,Oil & Gas Refining & Marketing,80.70128000592607,82.48891794370604,79.7957550772263,82.44989013671875,82.44989013671875,3127700,2.1667687683073678,2.6931628664797387
2020-01-09 05:00:00+00:00,QCOM,QUALCOMM Incorporated,Technology,Semiconductors,78.49559974310262,79.42360711193572,77.76894918705268,78.71446990966797,78.71446990966797,9155500,0.278831128473013,1.6546579248830398
2020-01-09 05:00:00+00:00,REGN,"Regeneron Pharmaceuticals, Inc.",Healthcare,Biotechnology,381.514071103704,384.4080244700398,379.2665265544159,381.3549499511719,381.3549499511719,587500,-0.04170780702053585,5.141497915623859
2020-01-09 05:00:00+00:00,RTX,RTX Corporation,Industrials,Aerospace & Defense,83.898437337727,84.11118390496065,83.52749647037537,83.81661224365234,83.81661224365234,4672455,-0.09752874626887093,0.5836874345852863
2020-01-09 05:00:00+00:00,SBUX,Starbucks Corporation,Consumer Cyclical,Restaurants,79.00961975393791,79.80628505385982,78.85203797368825,79.25474548339844,79.25474548339844,9443500,0.3102479548995783,0.9542470801715695
2020-01-09 05:00:00+00:00,SCHW,The Charles Schwab Corporation,Financial Services,Capital Markets,44.618203479803114,44.65500284038822,44.05702551371095,44.25941848754883,44.25941848754883,9749600,-0.8041224528833697,0.5979773266772739
2020-01-09 05:00:00+00:00,SHW,The Sherwin-Williams Company,Basic Materials,Specialty Chemicals,180.6476891787234,181.13121463693116,177.8507990024745,178.7578125,178.7578125,2245200,-1.0461670931498335,3.2804156344566593
2020-01-09 05:00:00+00:00,SLB,SLB N.V.,Energy,Oil & Gas Equipment & Services,34.310046950886196,34.804903126617035,33.624192492661834,34.605224609375,34.605224609375,12186000,0.8603242627774357,1.1807106339552007
2020-01-09 05:00:00+00:00,SPGI,S&P Global Inc.,Financial Services,Financial Data & Stock Exchanges,271.7830386502546,276.7491119836813,271.7830386502546,275.4933166503906,275.4933166503906,1316100,1.3651617181713216,4.966073333426721
2020-01-09 05:00:00+00:00,T,AT&T Inc.,Communication Services,Telecom Services,19.351515872446047,19.39129409911042,19.167547852252532,19.291851043701172,19.291851043701172,52228887,-0.3083212144110622,0.22374624685788902
2020-01-09 05:00:00+00:00,TFC,Truist Financial Corporation,Financial Services,Banks - Regional,42.36394714880638,42.59884040278599,42.21240320722148,42.56853103637695,42.56853103637695,5700600,0.48291979699614807,0.38643719556451117
2020-01-09 05:00:00+00:00,TGT,Target Corporation,Consumer Defensive,Discount Stores,105.36181640625,106.56473581498936,104.6451885525273,105.36181640625,105.36181640625,5369700,0.0,1.9195472624620606
2020-01-09 05:00:00+00:00,TJX,"The TJX Companies, Inc.",Consumer Cyclical,Apparel Retail,57.42371017215567,58.13607175321647,57.36820024003492,57.95104217529297,57.95104217529297,5584400,0.9183175408840014,0.7678715131815466
2020-01-09 05:00:00+00:00,TMO,Thermo Fisher Scientific Inc.,Healthcare,Diagnostics & Research,324.302068477719,325.7592326048888,322.2245819857063,324.52850341796875,324.52850341796875,901900,0.06982223126502111,3.5346506191824574
2020-01-09 05:00:00+00:00,TSLA,"Tesla, Inc.",Consumer Cyclical,Auto Manufacturers,33.13999938964844,33.253334045410156,31.524667739868164,32.089332580566406,32.089332580566406,426606000,-3.170388739989585,1.7286663055419922
2020-01-09 05:00:00+00:00,TXN,Texas Instruments Incorporated,Technology,Semiconductors,109.43399671141916,110.3047870277334,109.0488497752472,109.96149444580078,109.96149444580078,3526600,0.48202364003268017,1.2559372524861914
2020-01-09 05:00:00+00:00,UNH,UnitedHealth Group Incorporated,Healthcare,Healthcare Plans,266.86624850207716,269.50508005559857,266.3493579797482,266.8027648925781,266.8027648925781,2838200,-0.023788549453280305,3.155722075850349
2020-01-09 05:00:00+00:00,UNP,Union Pacific Corporation,Industrials,Railroads,158.01877600554997,158.29891099654597,156.3205077135302,156.7844696044922,156.7844696044922,3311100,-0.7811137589209194,1.9784032830157798
2020-01-09 05:00:00+00:00,UPS,"United Parcel Service, Inc.",Industrials,Integrated Freight & Logistics,92.13758946762395,92.76743099137477,91.62584398040316,92.0588607788086,92.0588607788086,2151500,-0.08544687273702177,1.1415870109716053
2020-01-09 05:00:00+00:00,USB,U.S. Bancorp,Financial Services,Banks - Regional,44.279787522012384,44.44193022474405,43.90146142138057,44.05588150024414,44.05588150024414,5775400,-0.5056619155115307,0.5404688033634812
2020-01-09 05:00:00+00:00,V,Visa Inc.,Financial Services,Credit Services,184.607520257671,185.48751290332177,184.14839683282509,184.84664916992188,184.84664916992188,6748000,0.12953367875647304,1.3391160704966865
2020-01-09 05:00:00+00:00,VLO,Valero Energy Corporation,Energy,Oil & Gas Refining & Marketing,72.9049376544612,74.12650364802157,72.30582816582472,74.05648040771484,74.05648040771484,3033300,1.5795127055885843,1.8206754821968474
2020-01-09 05:00:00+00:00,VMC,Vulcan Materials Company,Basic Materials,Building Materials,134.67205026472112,136.32505616424504,134.434550166874,135.18505859375,135.18505859375,649900,0.38093155040000637,1.8905059973710365
2020-01-09 05:00:00+00:00,VRTX,Vertex Pharmaceuticals Incorporated,Healthcare,Biotechnology,233.0800018310547,233.2599945068359,227.27000427246097,230.2599945068359,230.2599945068359,1435400,-1.2098881508774089,5.989990234374943
2020-01-09 05:00:00+00:00,VZ,Verizon Communications Inc.,Communication Services,Telecom Services,41.53037617386394,41.89003962753429,41.466906310875,41.502166748046875,41.502166748046875,20134600,-0.0679248020749212,0.4231333166592961
2020-01-09 05:00:00+00:00,WFC,Wells Fargo & Company,Financial Services,Banks - Diversified,45.35824572477944,45.35824572477944,44.74437369804173,44.957523345947266,44.957523345947266,20817400,-0.883460928501594,0.6138720267377096
2020-01-09 05:00:00+00:00,WM,"Waste Management, Inc.",Industrials,Waste Management,105.37166042269412,106.22421351093809,105.2446853141843,105.32630920410156,105.32630920410156,1634200,-0.043039293877151566,0.9795281967537903
2020-01-09 05:00:00+00:00,WMT,Walmart Inc.,Consumer Defensive,Discount Stores,35.579189716801125,35.95290059576841,35.5577461686876,35.94983673095703,35.94983673095703,16691100,1.0417522633487084,0.3951544270808114
2020-01-09 05:00:00+00:00,XOM,Exxon Mobil Corporation,Energy,Oil & Gas Integrated,52.3296384749926,52.904857413092806,51.943635760991846,52.79889678955078,52.79889678955078,14811800,0.8967352502968892,0.96122165210096
2020-01-09 05:00:00+00:00,ZTS,Zoetis Inc.,Healthcare,Drug Manufacturers - Specialty & Generic,126.84914453070868,129.08303805198463,126.84914453070868,127.8430404663086,127.8430404663086,2075400,0.783525927019002,2.233893521275945
2020-01-10 05:00:00+00:00,AAPL,Apple Inc.,Technology,Consumer Electronics,74.87131024106992,75.37029336253585,74.30483235122053,74.80622100830078,74.80622100830078,140644800,-0.08693481195876737,1.0654610113153211
2020-01-10 05:00:00+00:00,ABBV,AbbVie Inc.,Healthcare,Drug Manufacturers - General,69.79215092823597,69.83855853666901,68.70926148837435,68.88716125488281,68.88716125488281,8581400,-1.2966926241945398,1.12929704829466
2020-01-10 05:00:00+00:00,ABT,Abbott Laboratories,Healthcare,Medical Devices,77.67068316123215,77.84966575641901,76.22089956032441,76.39093780517578,76.39093780517578,4680400,-1.6476555940673474,1.6287661960946025
2020-01-10 05:00:00+00:00,ADBE,Adobe Inc.,Technology,Software - Application,342.04998779296875,343.3599853515625,339.6199951171875,339.80999755859375,339.80999755859375,1480400,-0.6548721866146624,3.739990234375
2020-01-10 05:00:00+00:00,AIG,"American International Group, Inc.",Financial Services,Insurance - Diversified,44.74783881203701,45.03874267907359,44.38848870420761,44.51682662963867,44.51682662963867,5483000,-0.5162532728534736,0.6502539748659828
2020-01-10 05:00:00+00:00,AMAT,"Applied Materials, Inc.",Technology,Semiconductor Equipment & Materials,59.08448315435891,59.254565118321125,57.82777042563871,58.08289337158203,58.08289337158203,4456100,-1.6951824392881805,1.4267946926824138
2020-01-10 05:00:00+00:00,AMD,"Advanced Micro Devices, Inc.",Technology,Semiconductors,49.2599983215332,49.290000915527344,48.0,48.16999816894531,48.16999816894531,44133700,-2.212749065627586,1.2900009155273438
2020-01-10 05:00:00+00:00,AMGN,Amgen Inc.,Healthcare,Drug Manufacturers - General,198.4268942460537,200.29743440758324,197.537355076763,198.0777282714844,198.0777282714844,1777600,-0.1759670612675766,2.760079330820247
2020-01-10 05:00:00+00:00,AMZN,"Amazon.com, Inc.",Consumer Cyclical,Internet Retail,95.26850128173828,95.34700012207033,94.0,94.15799713134766,94.15799713134766,57074000,-1.1656572061593815,1.3470001220703267
2020-01-10 05:00:00+00:00,APD,"Air Products and Chemicals, Inc.",Basic Materials,Specialty Chemicals,202.72450499699033,203.40745168305529,199.914890322192,200.56326293945312,200.56326293945312,949000,-1.0660980810234533,3.4925613608632773
2020-01-10 05:00:00+00:00,AVGO,Broadcom Inc.,Technology,Semiconductors,26.278192845211084,26.28679614992206,25.706085388775623,25.74221992492676,25.74221992492676,40705000,-2.039611032012035,0.5807107611464382
2020-01-10 05:00:00+00:00,AXP,American Express Company,Financial Services,Credit Services,117.97987443559306,118.52547478723729,117.36953466395856,117.70244598388672,117.70244598388672,2789200,-0.2351489633579788,1.1559401232787252
2020-01-10 05:00:00+00:00,BA,The Boeing Company,Industrials,Aerospace & Defense,333.57531519513043,335.70267264556696,327.50146758422983,327.96868896484375,327.96868896484375,7161700,-1.6807677231772948,8.201205061337134
2020-01-10 05:00:00+00:00,BAC,Bank of America Corporation,Financial Services,Banks - Diversified,30.208097545559777,30.268513477257184,29.914647323420336,29.98369598388672,29.98369598388672,39730400,-0.7428523472377454,0.3538661538368473
2020-01-10 05:00:00+00:00,BIIB,Biogen Inc.,Healthcare,Drug Manufacturers - General,294.6400146484375,298.739990234375,294.3599853515625,296.510009765625,296.510009765625,1164500,0.6346711323031822,4.3800048828125
2020-01-10 05:00:00+00:00,BLK,"BlackRock, Inc.",Financial Services,Asset Management,444.97964900069456,445.6109806494407,441.4337135626762,442.9645080566406,442.9645080566406,484000,-0.4528613721053104,4.177267086764516
2020-01-10 05:00:00+00:00,BMY,Bristol-Myers Squibb Company,Healthcare,Drug Manufacturers - General,52.01682900872789,52.43010593135019,51.69098188080747,51.84198760986328,51.84198760986328,11698000,-0.336124677717804,0.7391240505427206
2020-01-10 05:00:00+00:00,BRK-B,Berkshire Hathaway Inc.,Financial Services,Insurance - Diversified,228.5,228.52999877929688,226.58999633789065,226.6199951171875,226.6199951171875,2572900,-0.8227592484956235,1.9400024414062216
2020-01-10 05:00:00+00:00,C,Citigroup Inc.,Financial Services,Banks - Diversified,63.98849535439669,63.99649562499316,63.24462885180509,63.38860321044922,63.38860321044922,10062100,-0.9375000000000038,0.7518667731880697
2020-01-10 05:00:00+00:00,CAT,Caterpillar Inc.,Industrials,Farm & Heavy Construction Machinery,129.8523666171181,130.09014684432347,128.42571212930002,128.68991088867188,128.68991088867188,2393700,-0.8952133555438604,1.6644347150234466
2020-01-10 05:00:00+00:00,CB,Chubb Limited,Financial Services,Insurance - Property & Casualty,139.52422090587814,140.3328720742921,136.38956250535637,137.1891326904297,137.1891326904297,2363000,-1.6736077795579891,3.943309568935746
2020-01-10 05:00:00+00:00,CI,The Cigna Group,Healthcare,Healthcare Plans,194.0085309942078,194.2280544161366,191.80419706921097,192.3347015380859,192.3347015380859,1034800,-0.8627607495115079,2.4238573469256153
2020-01-10 05:00:00+00:00,CL,Colgate-Palmolive Company,Consumer Defensive,Household & Personal Products,60.177391322734145,60.78149268873388,59.94437609284062,60.539852142333984,60.539852142333984,3724000,0.602320591891305,0.8371165958932565
2020-01-10 05:00:00+00:00,CMCSA,Comcast Corporation,Communication Services,Telecom Services,36.12437060899332,36.12437060899332,35.57019205100558,35.60977554321289,35.60977554321289,16961245,-1.4245094297983858,0.5541785579877399
2020-01-10 05:00:00+00:00,CME,CME Group Inc.,Financial Services,Financial Data & Stock Exchanges,166.96614715861716,167.35873032405047,163.99377193122885,164.31423950195312,164.31423950195312,1838200,-1.5882906216580148,3.3649583928216202
2020-01-10 05:00:00+00:00,COF,Capital One Financial Corporation,Financial Services,Credit Services,92.41557360787846,92.56892825734886,91.25192819021676,91.60372924804688,91.60372924804688,1167900,-0.8784713746151245,1.3170000671320992
2020-01-10 05:00:00+00:00,COP,ConocoPhillips,Energy,Oil & Gas E&P,52.88497609516949,53.157990034361056,52.45939193917452,52.53165817260742,52.53165817260742,7233100,-0.668087514923434,0.6985980951865329
2020-01-10 05:00:00+00:00,COST,Costco Wholesale Corporation,Consumer Defensive,Discount Stores,273.9037121302346,274.1502154404983,270.8542541454025,271.3837890625,271.3837890625,2024200,-0.9200032552083343,3.2959612950958217
2020-01-10 05:00:00+00:00,CRM,"Salesforce, Inc.",Technology,Software - Application,177.6811404083109,178.51105316573108,176.54495140057742,178.0368194580078,178.0368194580078,5111800,0.20017827940520483,1.9661017651536667
2020-01-10 05:00:00+00:00,CSCO,"Cisco Systems, Inc.",Technology,Communication Equipment,39.686634671615906,39.753505005919585,39.33557498218072,39.39408493041992,39.39408493041992,13502600,-0.7371492786341418,0.4179300237388688
2020-01-10 05:00:00+00:00,CSX,CSX Corporation,Industrials,Railroads,22.6729880392612,22.716046200950487,22.534586679556597,22.562267303466797,22.562267303466797,6109500,-0.48833764478980357,0.1814595213938901
2020-01-10 05:00:00+00:00,CVS,CVS Health Corporation,Healthcare,Healthcare Plans,59.93267877186018,59.97355746424069,58.714569832916574,58.95165252685547,58.95165252685547,5198600,-1.636880354938062,1.2589876313241177
2020-01-10 05:00:00+00:00,CVX,Chevron Corporation,Energy,Oil & Gas Integrated,89.92594903508225,90.05603696219146,89.06893212983469,89.09954071044922,89.09954071044922,6393800,-0.9189876042460606,0.9871048323567635
2020-01-10 05:00:00+00:00,DD,"DuPont de Nemours, Inc.",Basic Materials,Specialty Chemicals,22.70987532390116,22.75818501635754,22.13014376782672,22.189603805541992,22.189603805541992,15772327,-2.2909483691070873,0.6280412485308204
2020-01-10 05:00:00+00:00,DE,Deere & Company,Industrials,Farm & Heavy Construction Machinery,164.02944329580632,164.30573093752375,159.7099684886426,159.72837829589844,159.72837829589844,2560900,-2.622129852718852,4.595762448881146
2020-01-10 05:00:00+00:00,DHR,Danaher Corporation,Healthcare,Diagnostics & Research,136.67047768921014,136.9641362363733,135.9190572891162,136.56683349609375,136.56683349609375,2250924,-0.07583509977340003,1.0450789472570818
2020-01-10 05:00:00+00:00,DIS,The Walt Disney Company,Communication Services,Entertainment,141.95698029572674,142.15237576884803,140.94089998314567,141.29261779785156,141.29261779785156,5152500,-0.4680026980646992,1.211475785702362
2020-01-10 05:00:00+00:00,DOW,Dow Inc.,Basic Materials,Chemicals,37.852314651678135,37.859474311312894,36.806829519281095,36.87843704223633,36.87843704223633,3277300,-2.572835025819568,1.0526447920317992
2020-01-10 05:00:00+00:00,ECL,Ecolab Inc.,Basic Materials,Specialty Chemicals,178.6320128695194,178.7070503509767,177.0093684798219,177.20632934570312,177.20632934570312,828600,-0.7981119962286134,1.6976818711547992
2020-01-10 05:00:00+00:00,EL,The Estée Lauder Companies Inc.,Consumer Defensive,Household & Personal Products,196.0808599314241,196.0808599314241,194.3338524498712,195.60943603515625,195.60943603515625,1212800,-0.2404232092988184,1.747007481552913
2020-01-10 05:00:00+00:00,ELV,"Elevance Health, Inc.",Healthcare,Healthcare Plans,283.9165252540622,284.9860329712051,282.52431663434083,283.73211669921875,283.73211669921875,1049900,-0.06495168066685801,2.4617163368642423
2020-01-10 05:00:00+00:00,EMR,Emerson Electric Co.,Industrials,Specialty Industrial Machinery,68.17556103248835,68.20180482757746,67.19600620943166,67.2922134399414,67.2922134399414,2628900,-1.2956953770075907,1.0057986181458034
2020-01-10 05:00:00+00:00,EOG,"EOG Resources, Inc.",Energy,Oil & Gas E&P,66.10956931524181,66.15487385687905,65.05241917600287,65.14302825927734,65.14302825927734,2950600,-1.4620289709581122,1.1024546808761784
2020-01-10 05:00:00+00:00,ETN,Eaton Corporation plc,Industrials,Specialty Industrial Machinery,85.96100631782421,86.04200330141225,85.22306660441745,85.47505187988281,85.47505187988281,2213000,-0.5653196242778722,0.8189366969947969
2020-01-10 05:00:00+00:00,FCX,Freeport-McMoRan Inc.,Basic Materials,Copper,11.998835563659668,12.138357443780682,11.980233178541903,11.998835563659668,11.998835563659668,12266100,0.0,0.15812426523877932
2020-01-10 05:00:00+00:00,FDX,FedEx Corporation,Industrials,Integrated Freight & Logistics,141.46229174703635,141.784455032086,139.7350611981424,140.173583984375,140.173583984375,2449600,-0.9109903047278638,2.049393833943583
2020-01-10 05:00:00+00:00,GD,General Dynamics Corporation,Industrials,Aerospace & Defense,157.0404672948717,157.28271918442877,155.22357812319365,155.31008911132812,155.31008911132812,831700,-1.101867699039935,2.059141061235124
2020-01-10 05:00:00+00:00,GE,GE Aerospace,Industrials,Aerospace & Defense,57.39532238263853,57.73465181749467,56.18342889373736,56.571231842041016,56.571231842041016,11767739,-1.4358148127534438,1.5512229237573152
2020-01-10 05:00:00+00:00,GILD,"Gilead Sciences, Inc.",Healthcare,Drug Manufacturers - General,52.34566718898044,52.41704473975999,51.53669135849815,51.57634353637695,51.57634353637695,5153900,-1.469698819247152,0.880353381261834
2020-01-10 05:00:00+00:00,GOOGL,Alphabet Inc.,Communication Services,Internet Content & Information,70.93752236021759,71.20896992621299,70.44772336560568,70.9122085571289,70.9122085571289,26258000,-0.035684645088302415,0.7612465606073044
2020-01-10 05:00:00+00:00,GS,"The Goldman Sachs Group, Inc.",Financial Services,Capital Markets,210.49242323069484,211.04737697896783,209.31314486172215,209.93746948242188,209.93746948242188,2248100,-0.26364547462344917,1.734232117245682
2020-01-10 05:00:00+00:00,HAL,Halliburton Company,Energy,Oil & Gas Equipment & Services,21.630668781177288,21.711313501148528,21.442498907298734,21.576906204223633,21.576906204223633,8385000,-0.24854791822451114,0.2688145938497932
2020-01-10 05:00:00+00:00,HD,"The Home Depot, Inc.",Consumer Cyclical,Home Improvement Retail,194.39186554857804,195.03191470689777,192.90419370858552,193.93345642089844,193.93345642089844,4226600,-0.23581703194522113,2.127720998312242
2020-01-10 05:00:00+00:00,HON,Honeywell International Inc.,Industrials,Conglomerates,149.62674401382958,149.62674401382958,148.16291281204283,148.61204528808594,148.61204528808594,1773674,-0.67815331572667,1.4638312017867463
2020-01-10 05:00:00+00:00,IBM,International Business Machines Corporation,Technology,Information Technology Services,100.60704121017964,101.24593369292909,100.10033661237487,100.37938690185548,100.37938690185548,3405148,-0.22628069127742864,1.1455970805542108
2020-01-10 05:00:00+00:00,INTC,Intel Corporation,Technology,Semiconductors,52.54621645195738,52.996085224470654,51.928751422674395,51.99049758911133,51.99049758911133,15200600,-1.057581116909034,1.0673338017962593
2020-01-10 05:00:00+00:00,INTU,Intuit Inc.,Technology,Software - Application,265.9572186523627,265.96684710011493,263.3985467272778,264.76446533203125,264.76446533203125,1127400,-0.448475633177128,2.568300372837143
2020-01-10 05:00:00+00:00,ISRG,"Intuitive Surgical, Inc.",Healthcare,Medical Instruments & Supplies,201.8333282470703,205.52000427246097,199.29666137695312,199.5733337402344,199.5733337402344,3847800,-1.1197330621577926,6.223342895507841
2020-01-10 05:00:00+00:00,ITW,Illinois Tool Works Inc.,Industrials,Specialty Industrial Machinery,155.87152094382964,156.87009306581237,154.56904593647377,154.76876831054688,154.76876831054688,1157500,-0.7074753788282809,2.301047129338599
2020-01-10 05:00:00+00:00,JNJ,Johnson & Johnson,Healthcare,Drug Manufacturers - General,123.10437821590608,123.46756161892114,122.38644015173443,122.5215835571289,122.5215835571289,5042600,-0.47341505413807705,1.0811214671867049
2020-01-10 05:00:00+00:00,JPM,JPMorgan Chase & Co.,Financial Services,Banks - Diversified,116.50606815518344,116.54002676091147,115.31730965302614,115.5380859375,115.5380859375,10190900,-0.8308427475160449,1.2227171078853303
2020-01-10 05:00:00+00:00,KO,The Coca-Cola Company,Consumer Defensive,Beverages - Non-Alcoholic,46.1527234793476,46.52707028808593,46.12776808322232,46.19431686401367,46.19431686401367,13040100,0.09012119227305034,0.39930220486360923
2020-01-10 05:00:00+00:00,LIN,Linde plc,Basic Materials,Specialty Chemicals,193.3854689541797,194.3857035914904,191.7245115261701,191.86216735839844,191.86216735839844,1217600,-0.787702201214599,2.661192065320307
2020-01-10 05:00:00+00:00,LLY,Eli Lilly and Company,Healthcare,Drug Manufacturers - General,126.31929421347256,128.6358042982562,126.08671339275315,128.38461303710938,128.38461303710938,4177600,1.6349987042727943,2.54909090550305
2020-01-10 05:00:00+00:00,LMT,Lockheed Martin Corporation,Industrials,Aerospace & Defense,352.67098542437714,353.18087637326266,350.52947456001505,351.67669677734375,351.67669677734375,987800,-0.28193094644203165,2.6514018132476167
2020-01-10 05:00:00+00:00,LOW,"Lowe's Companies, Inc.",Consumer Cyclical,Home Improvement Retail,108.58108990361109,108.8130645629135,107.89409666759786,107.95655059814452,107.95655059814452,2391100,-0.5751823876708015,0.9189678953156317
2020-01-10 05:00:00+00:00,MA,Mastercard Incorporated,Financial Services,Credit Services,301.2066267386096,301.56433319620555,298.46118173651973,300.810302734375,300.810302734375,2948000,-0.13157877983160524,3.1031514596858187
2020-01-10 05:00:00+00:00,MCD,McDonald's Corporation,Consumer Cyclical,Restaurants,181.4232418926068,181.8671339272157,180.40489196777344,180.40489196777344,180.40489196777344,2336400,-0.5613117229137431,1.4622419594422524
2020-01-10 05:00:00+00:00,META,"Meta Platforms, Inc.",Communication Services,Internet Content & Information,217.6794240685626,218.35471484237715,215.91177299869705,216.54733276367188,216.54733276367188,12119400,-0.5200727214962496,2.442941843680103
2020-01-10 05:00:00+00:00,MMM,3M Company,Industrials,Conglomerates,121.76195229090824,122.14411711028411,120.77637963928736,120.99763488769533,120.99763488769533,2516145,-0.6277144779896767,1.367737470996758
2020-01-10 05:00:00+00:00,MPC,Marathon Petroleum Corporation,Energy,Oil & Gas Refining & Marketing,49.482025895734246,50.651480289650976,49.291264190503725,49.94649124145508,49.94649124145508,4941400,0.9386546676555391,1.3602160991472516
2020-01-10 05:00:00+00:00,MRK,"Merck & Co., Inc.",Healthcare,Drug Manufacturers - General,70.79666950917263,71.10441379921679,70.58361382861621,70.64674377441406,70.64674377441406,5945304,-0.21176947418288294,0.5207999706005779
2020-01-10 05:00:00+00:00,MS,Morgan Stanley,Financial Services,Capital Markets,42.92411594074409,43.18750431274291,42.73480260477268,42.9734992980957,42.9734992980957,7686800,0.11504804762849015,0.4527017079702276
2020-01-10 05:00:00+00:00,MSFT,Microsoft Corporation,Technology,Software - Infrastructure,154.5945278117641,154.9743144766268,153.0373648172022,153.1892852783203,153.1892852783203,20725900,-0.908985947519967,1.936949659424613
2020-01-10 05:00:00+00:00,NEM,Newmont Corporation,Basic Materials,Gold,35.014347366302765,35.534569226017325,34.98917632172121,35.467445373535156,35.467445373535156,6672600,1.2940352778599709,0.545392904296115
2020-01-10 05:00:00+00:00,NFLX,"Netflix, Inc.",Communication Services,Entertainment,33.7130012512207,33.849998474121094,32.72700119018555,32.904998779296875,32.904998779296875,47183000,-2.3967088124335163,1.1229972839355469
2020-01-10 05:00:00+00:00,NKE,"NIKE, Inc.",Consumer Cyclical,Footwear & Accessories,93.98733243358932,94.02423084724953,92.9449786388868,93.0741195678711,93.0741195678711,5135300,-0.9716339873391884,1.0792522083627318
2020-01-10 05:00:00+00:00,NOC,Northrop Grumman Corporation,Industrials,Aerospace & Defense,337.24456330888444,339.6264814543709,334.88077626462143,339.07403564453125,339.07403564453125,1178200,0.5424764502344808,4.745705189749458
2020-01-10 05:00:00+00:00,NOW,"ServiceNow, Inc.",Technology,Software - Application,60.14400100708008,60.678001403808594,59.4900016784668,59.7760009765625,59.7760009765625,6292500,-0.6118648981704053,1.1879997253417969
2020-01-10 05:00:00+00:00,NSC,Norfolk Southern Corporation,Industrials,Railroads,175.0919101002633,176.68517300296446,173.61307146554486,173.89476013183594,173.89476013183594,1459400,-0.6837266026407738,3.0721015374195986
2020-01-10 05:00:00+00:00,NUE,Nucor Corporation,Basic Materials,Steel,47.61293976096444,47.87102940809767,46.84757233563618,46.9632682800293,46.9632682800293,1646000,-1.3644851256753834,1.0234570724614898
2020-01-10 05:00:00+00:00,NVDA,NVIDIA Corporation,Technology,Semiconductors,6.155752757707768,6.1861170582643075,6.066650817633669,6.080837249755859,6.080837249755859,316296000,-1.2169999494879857,0.11946624063063815
2020-01-10 05:00:00+00:00,ORCL,Oracle Corporation,Technology,Software - Infrastructure,50.09172659781482,50.18355588068751,49.78869872165736,49.999900817871094,49.999900817871094,9734800,-0.1833152621809036,0.3948571590301455
2020-01-10 05:00:00+00:00,OXY,Occidental Petroleum Corporation,Energy,Oil & Gas E&P,41.299541093596375,42.17572941711004,41.043987036320615,41.89279556274414,41.89279556274414,10540000,1.4364674605058794,1.1317423807894258
2020-01-10 05:00:00+00:00,PEP,"PepsiCo, Inc.",Consumer Defensive,Beverages - Non-Alcoholic,112.57266371130788,112.78086942492082,111.92306290146492,112.03965759277344,112.03965759277344,3099500,-0.4734773975868038,0.8578065234559062
2020-01-10 05:00:00+00:00,PFE,Pfizer Inc.,Healthcare,Drug Manufacturers - General,27.38244893940437,27.839057939928445,27.375424576625377,27.740711212158203,27.740711212158203,21557357,1.3083646154025355,0.46363336330306737
2020-01-10 05:00:00+00:00,PG,The Procter & Gamble Company,Consumer Defensive,Household & Personal Products,105.94300647871242,106.30213374413322,105.42996659616044,106.00286102294922,106.00286102294922,3927100,0.056496928137324556,0.8721671479727746
2020-01-10 05:00:00+00:00,PM,Philip Morris International Inc.,Consumer Defensive,Tobacco,65.53734783262519,65.5668167393419,64.33651939217029,64.43228912353516,64.43228912353516,4411000,-1.6861510964896278,1.2302973471716143
2020-01-10 05:00:00+00:00,PNC,"The PNC Financial Services Group, Inc.",Financial Services,Banks - Regional,128.04064144891436,128.04064144891436,126.04423621088424,126.123779296875,126.123779296875,2182500,-1.4970732185875113,1.9964052380301212
2020-01-10 05:00:00+00:00,PSX,Phillips 66,Energy,Oil & Gas Refining & Marketing,82.46549865740604,83.33199576429297,81.81757632419944,81.86441802978516,81.86441802978516,1910700,-0.7288873982536774,1.5144194400935334
2020-01-10 05:00:00+00:00,QCOM,QUALCOMM Incorporated,Technology,Semiconductors,79.2397441545953,80.88564513632282,78.67943715318225,79.0208740234375,79.0208740234375,9668300,-0.2762125666771316,2.2062079831405725
2020-01-10 05:00:00+00:00,REGN,"Regeneron Pharmaceuticals, Inc.",Healthcare,Biotechnology,382.49862218516824,383.97047016571054,377.90410866725296,379.3063354492187,379.3063354492187,568100,-0.8345877738624009,6.0663614984575815
2020-01-10 05:00:00+00:00,RTX,RTX Corporation,Industrials,Aerospace & Defense,84.01300273291024,84.01300273291024,82.60560166225666,82.84017181396484,82.84017181396484,4605240,-1.3960111896892875,1.4074010706535773
2020-01-10 05:00:00+00:00,SBUX,Starbucks Corporation,Consumer Cyclical,Restaurants,79.49112888060267,79.56991643846176,78.46684387420383,78.93083953857422,78.93083953857422,7097900,-0.7048451190950134,1.1030725642579284
2020-01-10 05:00:00+00:00,SCHW,The Charles Schwab Corporation,Financial Services,Capital Markets,44.277813519461525,44.30541128231299,43.80863049470777,43.97422409057617,43.97422409057617,7452900,-0.6856468392503513,0.4967807876052177
2020-01-10 05:00:00+00:00,SHW,The Sherwin-Williams Company,Basic Materials,Specialty Chemicals,179.4594619428157,180.51500686630936,178.9569558381112,179.21926879882812,179.21926879882812,1002000,-0.13384256332168495,1.5580510281981503
2020-01-10 05:00:00+00:00,SLB,SLB N.V.,Energy,Oil & Gas Equipment & Services,34.49236276193821,34.804904211468426,34.30136447349136,34.57918167114258,34.57918167114258,8089700,0.2517047318665313,0.5035397379770643
2020-01-10 05:00:00+00:00,SPGI,S&P Global Inc.,Financial Services,Financial Data & Stock Exchanges,276.5017138412025,276.75856913034386,274.07574220049247,274.8843994140625,274.8843994140625,834500,-0.5849202179154812,2.6828269298513874
2020-01-10 05:00:00+00:00,T,AT&T Inc.,Communication Services,Telecom Services,19.296821133959615,19.366430511477542,19.177490234375,19.177490234375,19.177490234375,39350339,-0.6183966714321116,0.18894027710254235
2020-01-10 05:00:00+00:00,TFC,Truist Financial Corporation,Financial Services,Banks - Regional,42.72006746155281,42.81099265432175,42.22755046067317,42.401824951171875,42.401824951171875,5032600,-0.7449485201945092,0.5834421936485796
2020-01-10 05:00:00+00:00,TGT,Target Corporation,Consumer Defensive,Discount Stores,106.3941046722966,107.23870363883094,105.83104086423418,106.41117095947266,106.41117095947266,4678000,0.016040632353282687,1.4076627745967585
2020-01-10 05:00:00+00:00,TJX,"The TJX Companies, Inc.",Consumer Cyclical,Apparel Retail,57.96955747939562,58.31185997542882,57.54399183252771,57.67351150512695,57.67351150512695,3853400,-0.5106921410843789,0.7678681429011078
2020-01-10 05:00:00+00:00,TMO,Thermo Fisher Scientific Inc.,Healthcare,Diagnostics & Research,326.27115706446426,326.8619129421733,322.64789841691703,323.6620178222656,323.6620178222656,801400,-0.7996843072717967,4.214014525256289
2020-01-10 05:00:00+00:00,TSLA,"Tesla, Inc.",Consumer Cyclical,Auto Manufacturers,32.11933135986328,32.3293342590332,31.579999923706055,31.87666702270508,31.87666702270508,194392500,-0.7555086824174553,0.7493343353271484
2020-01-10 05:00:00+00:00,TXN,Texas Instruments Incorporated,Technology,Semiconductors,110.36342697898642,110.36342697898642,108.6972245209922,108.84793090820312,108.84793090820312,3234000,-1.3731868538948646,1.6662024579942312
2020-01-10 05:00:00+00:00,UNH,UnitedHealth Group Incorporated,Healthcare,Healthcare Plans,268.4803367729627,268.4803367729627,264.98002152704527,267.6279296875,267.6279296875,2477900,-0.3174933016355367,3.5003152459174203
2020-01-10 05:00:00+00:00,UNP,Union Pacific Corporation,Industrials,Railroads,156.78442040335037,157.5109919233983,155.66390750614215,155.76895141601562,155.76895141601562,2944300,-0.6476848813946582,1.8470844172561556
2020-01-10 05:00:00+00:00,UPS,"United Parcel Service, Inc.",Industrials,Integrated Freight & Logistics,92.1690756706619,92.1690756706619,91.01174540586186,91.2243194580078,91.2243194580078,2545000,-1.0250251570601587,1.1573302648000379
2020-01-10 05:00:00+00:00,USB,U.S. Bancorp,Financial Services,Banks - Regional,44.08677056605159,44.12537780124177,43.68528241700417,43.75476837158203,43.75476837158203,5285000,-0.7530653531815129,0.4400953842376012
2020-01-10 05:00:00+00:00,V,Visa Inc.,Financial Services,Credit Services,185.08576136961665,186.1092400273639,184.71272088400028,185.34402465820312,185.34402465820312,6586400,0.13953709171108225,1.3965191433636335
2020-01-10 05:00:00+00:00,VLO,Valero Energy Corporation,Energy,Oil & Gas Refining & Marketing,74.32879056954278,75.84602582247801,74.2198615896829,75.386962890625,75.386962890625,3551800,1.4236372110645172,1.6261642327951051
2020-01-10 05:00:00+00:00,VMC,Vulcan Materials Company,Basic Materials,Building Materials,135.02356068999433,136.04005357412163,133.5890508171532,136.00205993652344,136.00205993652344,659900,0.7246877815462772,2.451002756968421
2020-01-10 05:00:00+00:00,VRTX,Vertex Pharmaceuticals Incorporated,Healthcare,Biotechnology,231.69000244140625,231.69000244140625,228.07000732421875,228.9499969482422,228.9499969482422,1017300,-1.182617059127099,3.6199951171875
2020-01-10 05:00:00+00:00,VZ,Verizon Communications Inc.,Communication Services,Telecom Services,41.62206591634433,41.81952656625962,41.495126158484624,41.60091018676758,41.60091018676758,11786700,-0.05082815836022041,0.3244004077749949
2020-01-10 05:00:00+00:00,WFC,Wells Fargo & Company,Financial Services,Banks - Diversified,45.00867554893429,45.102461904221926,44.744368843342336,44.76142120361328,44.76142120361328,13777600,-0.549348191888453,0.3580930608795896
2020-01-10 05:00:00+00:00,WM,"Waste Management, Inc.",Industrials,Waste Management,105.4805034662481,105.7163104375283,105.02701894045964,105.38980102539062,105.38980102539062,1289600,-0.08598976860827472,0.6892914970686661
2020-01-10 05:00:00+00:00,WMT,Walmart Inc.,Consumer Defensive,Discount Stores,35.91308274840221,35.943714386985974,35.52711639000089,35.64964294433594,35.64964294433594,18164400,-0.7335482891064083,0.4165979969850824
2020-01-10 05:00:00+00:00,XOM,Exxon Mobil Corporation,Energy,Oil & Gas Integrated,52.927555690297474,52.95026071038824,52.31449705016613,52.32963180541992,52.32963180541992,11995600,-1.1297024339764892,0.6357636602221106
2020-01-10 05:00:00+00:00,ZTS,Zoetis Inc.,Healthcare,Drug Manufacturers - Specialty & Generic,128.07022910638463,128.73282162311096,127.56855088347513,128.3258056640625,128.3258056640625,1249000,0.1995596942873967,1.164270739635839
2020-01-13 05:00:00+00:00,AAPL,Apple Inc.,Technology,Consumer Electronics,75.12201817653433,76.4309386915993,75.00389679896787,76.4044189453125,76.4044189453125,121532000,1.7070904109159766,1.4270418926314221
2020-01-13 05:00:00+00:00,ABBV,AbbVie Inc.,Healthcare,Drug Manufacturers - General,69.2274760260575,69.2274760260575,68.00535827320314,68.46945190429688,68.46945190429688,9292200,-1.0949758178028963,1.2221177528543592
2020-01-13 05:00:00+00:00,ABT,Abbott Laboratories,Healthcare,Medical Devices,76.5162324057626,76.72206854977706,75.8360862059417,76.17616271972656,76.17616271972656,5571500,-0.44444123206779834,0.8859823438353658
2020-01-13 05:00:00+00:00,ADBE,Adobe Inc.,Technology,Software - Application,341.5400085449219,345.7300109863281,341.2200012207031,345.6300048828125,345.6300048828125,2069200,1.197516026106405,4.510009765625
2020-01-13 05:00:00+00:00,AIG,"American International Group, Inc.",Financial Services,Insurance - Diversified,44.568162798470176,45.021629333496094,44.33715062104604,45.021629333496094,45.021629333496094,6039500,1.0174674174397043,0.6844787124500513
2020-01-13 05:00:00+00:00,AMAT,"Applied Materials, Inc.",Technology,Semiconductor Equipment & Materials,58.09233761270445,58.53644089498752,57.96005244891809,58.40415573120117,58.40415573120117,4111100,0.5367629042156695,0.57638844606943
2020-01-13 05:00:00+00:00,AMD,"Advanced Micro Devices, Inc.",Technology,Semiconductors,48.65999984741211,48.86000061035156,48.2400016784668,48.75,48.75,34266800,0.18495715756291176,0.6199989318847656
2020-01-13 05:00:00+00:00,AMGN,Amgen Inc.,Healthcare,Drug Manufacturers - General,198.07772210552116,198.1359227755105,195.19293257581884,196.96371459960935,196.96371459960935,2004400,-0.5624092876625236,2.94299019969165
2020-01-13 05:00:00+00:00,AMZN,"Amazon.com, Inc.",Consumer Cyclical,Internet Retail,94.56549835205078,94.9000015258789,94.04000091552734,94.56500244140624,94.56500244140624,55616000,-0.0005244096982382225,0.8600006103515625
2020-01-13 05:00:00+00:00,APD,"Air Products and Chemicals, Inc.",Basic Materials,Specialty Chemicals,200.8744889005026,205.1191716063688,200.80532756945593,204.7647247314453,204.7647247314453,1376800,1.936650020734903,4.313844036912883
2020-01-13 05:00:00+00:00,AVGO,Broadcom Inc.,Technology,Semiconductors,25.81103610373173,26.136232052299917,25.780923726841152,25.910831451416016,25.910831451416016,22054000,0.3866382863640911,0.3553083254587648
2020-01-13 05:00:00+00:00,AXP,American Express Company,Financial Services,Credit Services,118.22029117434067,119.24676644904751,118.02609410281477,118.86761474609376,118.86761474609376,3285700,0.5475570778272543,1.220672346232746
2020-01-13 05:00:00+00:00,BA,The Boeing Company,Industrials,Aerospace & Defense,330.4340057926857,332.12396323486524,328.1277202099949,328.26690673828125,328.26690673828125,5648500,-0.6558341503640772,3.9962430248703527
2020-01-13 05:00:00+00:00,BAC,Bank of America Corporation,Financial Services,Banks - Diversified,30.069995776239733,30.268505685346884,29.91463962260448,30.259876251220703,30.259876251220703,37956100,0.6314615951193701,0.35386606274240506
2020-01-13 05:00:00+00:00,BIIB,Biogen Inc.,Healthcare,Drug Manufacturers - General,294.80999755859375,295.5,290.8299865722656,293.8999938964844,293.8999938964844,1401100,-0.3086746276060435,4.670013427734375
2020-01-13 05:00:00+00:00,BLK,"BlackRock, Inc.",Financial Services,Asset Management,443.9072168597532,452.7114953961963,443.9072168597532,452.41741943359375,452.41741943359375,651800,1.9171129124781157,8.804278536443121
2020-01-13 05:00:00+00:00,BMY,Bristol-Myers Squibb Company,Healthcare,Drug Manufacturers - General,52.00094377487287,53.24076258818496,51.95326030159591,52.57316970825195,52.57316970825195,19243300,1.1004145152757454,1.2875022865890458
2020-01-13 05:00:00+00:00,BRK-B,Berkshire Hathaway Inc.,Financial Services,Insurance - Diversified,227.0500030517578,228.47000122070312,226.1300048828125,228.4499969482422,228.4499969482422,3286700,0.6166015757177662,2.339996337890625
2020-01-13 05:00:00+00:00,C,Citigroup Inc.,Financial Services,Banks - Diversified,63.5885867287134,64.56441255804444,63.18865851029382,64.5084228515625,64.5084228515625,16566300,1.4465427998476752,1.3757540477506183
2020-01-13 05:00:00+00:00,CAT,Caterpillar Inc.,Industrials,Farm & Heavy Construction Machinery,129.04214936029865,129.30634808367262,128.17911273913535,129.29754638671875,129.29754638671875,3355200,0.19791752360463574,1.1272353445372687
2020-01-13 05:00:00+00:00,CB,Chubb Limited,Financial Services,Insurance - Property & Casualty,136.99831832680874,137.39810341117249,135.86257154809192,137.1073455810547,137.1073455810547,1672300,0.07958291428502107,1.535531863080564
2020-01-13 05:00:00+00:00,CI,The Cigna Group,Healthcare,Healthcare Plans,190.7157717984123,191.163960270314,184.72475932843088,186.14247131347656,186.14247131347656,2376600,-2.3979665875613834,6.439200941883115
2020-01-13 05:00:00+00:00,CL,Colgate-Palmolive Company,Consumer Defensive,Household & Personal Products,60.54847565206977,60.89367262239633,60.23779311140773,60.531211853027344,60.531211853027344,4641300,-0.028512359488004353,0.6558795109885978
2020-01-13 05:00:00+00:00,CMCSA,Comcast Corporation,Communication Services,Telecom Services,35.562272082566516,36.31437126842591,35.54644062026948,36.25895309448242,36.25895309448242,23249183,1.9590452778112462,0.7679306481564296
2020-01-13 05:00:00+00:00,CME,CME Group Inc.,Financial Services,Financial Data & Stock Exchanges,163.92167983774976,164.33828526333878,162.51159308943303,163.55313110351562,163.55313110351562,1245700,-0.22483220925928146,1.826692173905741
2020-01-13 05:00:00+00:00,COF,Capital One Financial Corporation,Financial Services,Credit Services,91.729998286894,92.0547387193653,91.37819729873932,91.92845153808594,91.92845153808594,1159900,0.21634498517186787,0.6765414206259805
2020-01-13 05:00:00+00:00,COP,ConocoPhillips,Energy,Oil & Gas E&P,52.483476734317115,52.60392657397533,52.098038472677494,52.29878616333008,52.29878616333008,3675300,-0.35190231760365503,0.5058881012978347
2020-01-13 05:00:00+00:00,COST,Costco Wholesale Corporation,Consumer Defensive,Discount Stores,271.0916642166115,274.4971827638313,270.98207931965004,273.7850341796875,273.7850341796875,1778600,0.9935273999881878,3.51510344418125
2020-01-13 05:00:00+00:00,CRM,"Salesforce, Inc.",Technology,Software - Application,179.0840851929677,182.23579371274823,178.95565601053198,181.64300537109375,181.64300537109375,6202600,1.4288931232324424,3.2801377022162512
2020-01-13 05:00:00+00:00,CSCO,"Cisco Systems, Inc.",Technology,Communication Equipment,39.54453541049171,40.104560046884565,39.536175025396275,40.0962028503418,40.0962028503418,18237400,1.3950535367870838,0.5683850214882895
2020-01-13 05:00:00+00:00,CSX,CSX Corporation,Industrials,Railroads,22.56533985757829,22.995916125144344,22.497677294439903,22.9713134765625,22.9713134765625,10656300,1.7991026128856107,0.49823883070444097
2020-01-13 05:00:00+00:00,CVS,CVS Health Corporation,Healthcare,Healthcare Plans,59.09880642057835,59.671070684172726,58.55923762586422,59.4830436706543,59.4830436706543,6654600,0.65016076186296,1.1118330583085054
2020-01-13 05:00:00+00:00,CVX,Chevron Corporation,Energy,Oil & Gas Integrated,89.12250923903977,89.45919783900914,88.82408283015445,89.26789855957031,89.26789855957031,6846700,0.1631342314886858,0.6351150088546831
2020-01-13 05:00:00+00:00,DD,"DuPont de Nemours, Inc.",Basic Materials,Specialty Chemicals,22.126433768229113,22.45346153480344,22.04096131424352,22.446029663085938,22.446029663085938,19329603,1.4444076176239744,0.4125002205599202
2020-01-13 05:00:00+00:00,DE,Deere & Company,Industrials,Farm & Heavy Construction Machinery,160.32701464448874,161.21116309610852,159.85731165789613,160.93487548828125,160.93487548828125,1300900,0.37913812911715916,1.3538514382123878
2020-01-13 05:00:00+00:00,DHR,Danaher Corporation,Healthcare,Diagnostics & Research,136.85183727962456,137.97463436033337,136.61000086038203,137.8191680908203,137.8191680908203,2564282,0.7068453229599233,1.3646334999513385
2020-01-13 05:00:00+00:00,DIS,The Walt Disney Company,Communication Services,Entertainment,141.41963489944132,141.41963489944132,140.06161620379692,140.5696563720703,140.5696563720703,9921300,-0.6010328961571695,1.3580186956444038
2020-01-13 05:00:00+00:00,DOW,Dow Inc.,Basic Materials,Chemicals,36.878445487865186,37.52292426866365,36.85696377238941,37.487117767333984,37.487117767333984,2665500,1.65048247402153,0.6659604962742378
2020-01-13 05:00:00+00:00,ECL,Ecolab Inc.,Basic Materials,Specialty Chemicals,177.52520398508406,179.58868418895744,177.52520398508406,179.53240966796875,179.53240966796875,645400,1.130659555841624,2.0634802038733824
2020-01-13 05:00:00+00:00,EL,The Estée Lauder Companies Inc.,Consumer Defensive,Household & Personal Products,195.60943331813925,197.374931582015,194.527953854519,197.31947326660156,197.31947326660156,1235500,0.8742113912681808,2.8469777274959824
2020-01-13 05:00:00+00:00,ELV,"Elevance Health, Inc.",Healthcare,Healthcare Plans,282.93925937684327,283.0498932697189,273.2215124918203,273.5903015136719,273.5903015136719,1756500,-3.30422786988342,9.828380777898587
2020-01-13 05:00:00+00:00,EMR,Emerson Electric Co.,Industrials,Specialty Industrial Machinery,67.47588734099757,67.7295240061679,67.30096205154348,67.685791015625,67.685791015625,1964500,0.3110795321099712,0.4285619546244277
2020-01-13 05:00:00+00:00,EOG,"EOG Resources, Inc.",Energy,Oil & Gas E&P,64.84852941294888,64.91649197823111,63.68566497582212,64.57669067382812,64.57669067382812,3399700,-0.41919029094663235,1.2308270024089865
2020-01-13 05:00:00+00:00,ETN,Eaton Corporation plc,Industrials,Specialty Industrial Machinery,85.16009444555398,85.5200666394767,84.81812463757159,85.36708068847656,85.36708068847656,1638300,0.2430554407791506,0.7019420019051097
2020-01-13 05:00:00+00:00,FCX,Freeport-McMoRan Inc.,Basic Materials,Copper,12.119756186160355,12.687143662935393,12.045344859214936,12.584827423095703,12.584827423095703,28779700,3.8372986204657837,0.641798803720457
2020-01-13 05:00:00+00:00,FDX,FedEx Corporation,Industrials,Integrated Freight & Logistics,140.25409084072302,142.7688537923274,140.2451464146207,142.5451202392578,142.5451202392578,1985300,1.6334849021527327,2.5237073777066996
2020-01-13 05:00:00+00:00,GD,General Dynamics Corporation,Industrials,Aerospace & Defense,155.9417130630178,157.54230523282055,155.76866465396662,156.71173095703125,156.71173095703125,898000,0.4937857093453093,1.7736405788539287
2020-01-13 05:00:00+00:00,GE,GE Aerospace,Industrials,Aerospace & Defense,56.91056474778457,58.89807154529791,56.6197088275989,58.75264358520508,58.75264358520508,13274420,3.236795919323956,2.278362717699011
2020-01-13 05:00:00+00:00,GILD,"Gilead Sciences, Inc.",Healthcare,Drug Manufacturers - General,51.59220121590041,51.75875485945132,50.82287768307342,51.00529098510742,51.00529098510742,6868900,-1.1375948631013357,0.9358771763779004
2020-01-13 05:00:00+00:00,GOOGL,Alphabet Inc.,Communication Services,Internet Content & Information,71.22434937620667,71.53351398026712,70.73405818738722,71.46156311035156,71.46156311035156,30730000,0.33305145813537146,0.7994557928798969
2020-01-13 05:00:00+00:00,GS,"The Goldman Sachs Group, Inc.",Financial Services,Capital Markets,211.957805356704,213.40588727170976,210.70915638705785,212.62548828125,212.62548828125,3359200,0.31500747208735985,2.696730884651913
2020-01-13 05:00:00+00:00,HAL,Halliburton Company,Energy,Oil & Gas Equipment & Services,21.460418894916995,21.47833861331057,21.137840036693103,21.28120803833008,21.28120803833008,11442700,-0.8350762278426904,0.34049857661746685
2020-01-13 05:00:00+00:00,HD,"The Home Depot, Inc.",Consumer Cyclical,Home Improvement Retail,194.17563352260495,194.18427802014,192.601463922623,193.1723175048828,193.1723175048828,6060900,-0.5167054174206368,1.5828140975170015
2020-01-13 05:00:00+00:00,HON,Honeywell International Inc.,Industrials,Conglomerates,149.08616573548954,150.82445898541891,148.62040359508862,150.7662353515625,150.7662353515625,2399876,1.1269118149122939,2.2040553903302964
2020-01-13 05:00:00+00:00,IBM,International Business Machines Corporation,Technology,Information Technology Services,99.49082467094102,100.34268529057589,99.18973913595596,100.31330108642578,100.31330108642578,3693426,0.8266856950930311,1.1529461546199258
2020-01-13 05:00:00+00:00,INTC,Intel Corporation,Technology,Semiconductors,52.19337767335911,52.731454286884656,52.11399263029501,52.56385803222656,52.56385803222656,16453300,0.7098225395298697,0.6174616565896471
2020-01-13 05:00:00+00:00,INTU,Intuit Inc.,Technology,Software - Application,265.80331498445446,267.2654300276284,264.360456837127,265.5243835449219,265.5243835449219,1697600,-0.10493903717826016,2.90497319050138
2020-01-13 05:00:00+00:00,ISRG,"Intuitive Surgical, Inc.",Healthcare,Medical Instruments & Supplies,200.163330078125,202.30667114257812,199.61666870117188,201.0399932861328,201.0399932861328,1845600,0.43797393242091115,2.69000244140625
2020-01-13 05:00:00+00:00,ITW,Illinois Tool Works Inc.,Industrials,Specialty Industrial Machinery,155.07270777275153,156.18415231456024,154.73406472094206,156.1407470703125,156.1407470703125,698500,0.6887345380762363,1.4500875936181785
2020-01-13 05:00:00+00:00,JNJ,Johnson & Johnson,Healthcare,Drug Manufacturers - General,122.87633008024724,123.13816238333015,122.23441821178632,123.06214904785156,123.06214904785156,4593200,0.15122437940892783,0.9037441715438348
2020-01-13 05:00:00+00:00,JPM,JPMorgan Chase & Co.,Financial Services,Banks - Diversified,115.63997973979892,116.49757385253906,115.27485669148224,116.49757385253906,116.49757385253906,12355200,0.7416069379031492,1.2227171610568206
2020-01-13 05:00:00+00:00,KO,The Coca-Cola Company,Consumer Defensive,Beverages - Non-Alcoholic,46.194313201801705,46.77663006107708,46.1028058587678,46.69344329833984,46.69344329833984,14302900,1.0805011741546227,0.6738242023092766
2020-01-13 05:00:00+00:00,LIN,Linde plc,Basic Materials,Specialty Chemicals,192.51362461812013,194.47739339816815,192.09151381615413,194.3581085205078,194.3581085205078,1225700,0.9581056437156031,2.385879582014013
2020-01-13 05:00:00+00:00,LLY,Eli Lilly and Company,Healthcare,Drug Manufacturers - General,128.57066520897072,130.23595170992877,128.28226728421183,129.2591094970703,129.2591094970703,5117100,0.5354598476881447,1.9536844257169435
2020-01-13 05:00:00+00:00,LMT,Lockheed Martin Corporation,Industrials,Aerospace & Defense,352.6200073840988,357.73585198322957,352.38206172679344,356.08721923828125,356.08721923828125,986800,0.9832714484648352,5.3537902564361275
2020-01-13 05:00:00+00:00,LOW,"Lowe's Companies, Inc.",Consumer Cyclical,Home Improvement Retail,107.92978180500602,108.59001001999216,107.6888832192487,108.00115966796876,108.00115966796876,3817200,0.06613361184376798,0.9011268007434694
2020-01-13 05:00:00+00:00,MA,Mastercard Incorporated,Financial Services,Credit Services,302.83072832258586,305.13149634149977,302.48269836516766,304.7157897949219,304.7157897949219,3236400,0.6224802492064102,2.648797976332105
2020-01-13 05:00:00+00:00,MCD,McDonald's Corporation,Consumer Cyclical,Restaurants,180.5006683778265,180.84881749520784,179.09063390604598,179.74342346191406,179.74342346191406,2784200,-0.4195247157353324,1.7581835891618596
2020-01-13 05:00:00+00:00,META,"Meta Platforms, Inc.",Communication Services,Internet Content & Information,218.07669285148447,220.43024787364047,217.68939879526965,220.37066650390625,220.37066650390625,14463400,1.0519114273179277,2.7408490783708146
2020-01-13 05:00:00+00:00,MMM,3M Company,Industrials,Conglomerates,121.31270366360212,122.17759687298344,120.92383391413534,121.2992935180664,121.2992935180664,2500597,-0.011054197236343431,1.2537629588480996
2020-01-13 05:00:00+00:00,MPC,Marathon Petroleum Corporation,Energy,Oil & Gas Refining & Marketing,49.9796760170581,50.17044092881664,49.1917480214914,49.44886016845703,49.44886016845703,4044300,-1.0620634043724047,0.9786929073252395
2020-01-13 05:00:00+00:00,MRK,"Merck & Co., Inc.",Healthcare,Drug Manufacturers - General,70.63887426844454,70.7256763952636,70.24433405922058,70.6309814453125,70.6309814453125,10261492,-0.011173483742173435,0.4813423360430278
2020-01-13 05:00:00+00:00,MS,Morgan Stanley,Financial Services,Capital Markets,42.97349299100048,43.44265365600586,42.8582609876429,43.44265365600586,43.44265365600586,8334200,1.0917443110887788,0.584392668362959
2020-01-13 05:00:00+00:00,MSFT,Microsoft Corporation,Technology,Software - Infrastructure,153.5880953510529,155.0597943161375,153.1133546841182,155.03131103515625,155.03131103515625,21626500,0.9396663724519858,1.9464396320192918
2020-01-13 05:00:00+00:00,NEM,Newmont Corporation,Basic Materials,Gold,35.685608361716056,36.00445552096863,35.542968148847194,35.61848449707031,35.61848449707031,4808200,-0.1880978571679759,0.4614873721214323
2020-01-13 05:00:00+00:00,NFLX,"Netflix, Inc.",Communication Services,Entertainment,33.18000030517578,34.084999084472656,33.1510009765625,33.891998291015625,33.891998291015625,62900000,2.1458649164894026,0.9339981079101562
2020-01-13 05:00:00+00:00,NKE,"NIKE, Inc.",Consumer Cyclical,Footwear & Accessories,93.16634880013288,94.40241381208158,93.00030948116122,94.23638153076172,94.23638153076172,6722400,1.1485184773360062,1.402104330920352
2020-01-13 05:00:00+00:00,NOC,Northrop Grumman Corporation,Industrials,Aerospace & Defense,340.28765886218457,342.1261692603469,339.4544296649116,341.28387451171875,341.28387451171875,667400,0.29275691421346633,2.6717395954353265
2020-01-13 05:00:00+00:00,NOW,"ServiceNow, Inc.",Technology,Software - Application,60.470001220703125,61.172000885009766,60.20000076293945,60.77000045776367,60.77000045776367,8219000,0.496112503728272,0.9720001220703125
2020-01-13 05:00:00+00:00,NSC,Norfolk Southern Corporation,Industrials,Railroads,173.5954848780479,176.38589789192204,173.18176302305292,176.29786682128906,176.29786682128906,1418400,1.5567121144536722,3.2041348688691187
2020-01-13 05:00:00+00:00,NUE,Nucor Corporation,Basic Materials,Steel,47.1590590648228,48.04011900542906,47.06116276143688,47.49724197387695,47.49724197387695,1951100,0.7171112311407715,0.9789562439921795
2020-01-13 05:00:00+00:00,NVDA,NVIDIA Corporation,Technology,Semiconductors,6.163965815587761,6.296622997009059,6.141316611691496,6.271485328674316,6.271485328674316,319840000,1.7443236433053275,0.15530638531756225
2020-01-13 05:00:00+00:00,ORCL,Oracle Corporation,Technology,Software - Infrastructure,50.009090425471626,50.31212185564458,49.91726463004746,50.119285583496094,50.119285583496094,10858900,0.22035025449761136,0.39485722559711434
2020-01-13 05:00:00+00:00,OXY,Occidental Petroleum Corporation,Energy,Oil & Gas E&P,42.22135805010155,42.54080406157441,41.54596427802741,42.504295349121094,42.504295349121094,8456100,0.6701283712470809,0.9948397835470004
2020-01-13 05:00:00+00:00,PEP,"PepsiCo, Inc.",Consumer Defensive,Beverages - Non-Alcoholic,112.1396034472675,113.75528197921956,112.12295613818416,113.70531463623048,113.70531463623048,5127200,1.3962160921134688,1.6323258410353958
2020-01-13 05:00:00+00:00,PFE,Pfizer Inc.,Healthcare,Drug Manufacturers - General,27.832035099111977,27.93740619542331,27.544019262830435,27.68451499938965,27.68451499938965,15392405,-0.5300370569273791,0.3933869325928754
2020-01-13 05:00:00+00:00,PG,The Procter & Gamble Company,Consumer Defensive,Household & Personal Products,106.02850966971404,106.79807273817704,105.86604454313412,106.78096771240234,106.78096771240234,8409200,0.7096752043693352,0.9320281950429177
2020-01-13 05:00:00+00:00,PM,Philip Morris International Inc.,Consumer Defensive,Tobacco,64.39547846692538,65.1616478120474,64.29233444905242,64.69752502441406,64.69752502441406,5402900,0.4690493256352093,0.869313362994987
2020-01-13 05:00:00+00:00,PNC,"The PNC Financial Services Group, Inc.",Financial Services,Banks - Regional,126.37038361164112,126.89532687160852,125.52728004926588,126.8157958984375,126.8157958984375,2391100,0.3524657234286913,1.3680468223426345
2020-01-13 05:00:00+00:00,PSX,Phillips 66,Energy,Oil & Gas Refining & Marketing,81.90343099817709,82.76212000595048,81.60679470988151,82.2000732421875,82.2000732421875,2243100,0.36218536927594186,1.1553252960689662
2020-01-13 05:00:00+00:00,QCOM,QUALCOMM Incorporated,Technology,Semiconductors,79.71252663679273,81.18333459492118,79.27478625258055,79.64248657226562,79.64248657226562,10367800,-0.08786581919080426,1.908548342340623
2020-01-13 05:00:00+00:00,REGN,"Regeneron Pharmaceuticals, Inc.",Healthcare,Biotechnology,377.91405657077854,378.2422230951701,373.06096745745145,376.8399963378906,376.8399963378906,637200,-0.2842075371935149,5.181255637718664
2020-01-13 05:00:00+00:00,RTX,RTX Corporation,Industrials,Aerospace & Defense,82.92747134065189,83.18931438159666,82.60562012287393,82.94383239746094,82.94383239746094,4910010,0.019729356924242603,0.5836942587227298
2020-01-13 05:00:00+00:00,SBUX,Starbucks Corporation,Consumer Cyclical,Restaurants,79.33355188893296,80.2965488364002,78.97461295915198,79.73625946044922,79.73625946044922,7382500,0.5076131875200174,1.3219358772482224
2020-01-13 05:00:00+00:00,SCHW,The Charles Schwab Corporation,Financial Services,Capital Markets,44.31461281778165,44.38821153695677,43.955827835253174,44.17662048339844,44.17662048339844,8906000,-0.3113923954399135,0.43238370170359275
2020-01-13 05:00:00+00:00,SHW,The Sherwin-Williams Company,Basic Materials,Specialty Chemicals,179.3393350582663,181.7980775095859,178.97906708892577,181.67481994628903,181.67481994628903,1306500,1.3022714103762838,2.8190104206601347
2020-01-13 05:00:00+00:00,SLB,SLB N.V.,Energy,Oil & Gas Equipment & Services,34.57917288824409,34.587853121058416,33.832547017738705,34.05826950073242,34.05826950073242,11665600,-1.5064078866060961,0.755306103319711
2020-01-13 05:00:00+00:00,SPGI,S&P Global Inc.,Financial Services,Financial Data & Stock Exchanges,274.7131699592377,279.9456203806176,274.4087295122462,279.92657470703125,279.92657470703125,961700,1.8977629461911611,5.5368908683713585
2020-01-13 05:00:00+00:00,T,AT&T Inc.,Communication Services,Telecom Services,19.162570722699797,19.167542999774057,18.90401984859148,18.943798065185547,18.943798065185547,43780576,-1.141666536708953,0.2635231511825751
2020-01-13 05:00:00+00:00,TFC,Truist Financial Corporation,Financial Services,Banks - Regional,42.28059625170598,42.60641470224052,42.19724694243526,42.598838806152344,42.598838806152344,6121900,0.7526917372493849,0.4091677598052641
2020-01-13 05:00:00+00:00,TGT,Target Corporation,Consumer Defensive,Discount Stores,106.29173996415008,106.3685252484234,104.87554386625207,105.677490234375,105.677490234375,3632800,-0.5778903703921446,1.4929813821713225
2020-01-13 05:00:00+00:00,TJX,"The TJX Companies, Inc.",Consumer Cyclical,Apparel Retail,57.6550010767915,57.969550326784386,57.38670834285575,57.840030670166016,57.840030670166016,3486500,0.32092548767464657,0.5828419839286383
2020-01-13 05:00:00+00:00,TMO,Thermo Fisher Scientific Inc.,Healthcare,Diagnostics & Research,323.819555718628,326.97020366424624,321.6731416881366,326.9012756347656,326.9012756347656,1379100,0.9516781373189737,5.29706197610966
2020-01-13 05:00:00+00:00,TSLA,"Tesla, Inc.",Consumer Cyclical,Auto Manufacturers,32.900001525878906,35.04199981689453,32.79999923706055,34.990665435791016,34.990665435791016,397764000,6.354601255162885,2.2420005798339844
2020-01-13 05:00:00+00:00,TXN,Texas Instruments Incorporated,Technology,Semiconductors,109.3251827000091,109.46752075496887,108.65534678909567,108.8060531616211,108.8060531616211,4313200,-0.4748490014533103,0.8121739658731997
2020-01-13 05:00:00+00:00,UNH,UnitedHealth Group Incorporated,Healthcare,Healthcare Plans,266.93865617350053,267.01121674281165,258.4599453473755,259.2126159667969,259.2126159667969,6994900,-2.894312992151279,8.551271395436174
2020-01-13 05:00:00+00:00,UNP,Union Pacific Corporation,Industrials,Railroads,155.81274941713056,157.56355277246968,155.5063534869184,157.48475646972656,157.48475646972656,2035200,1.073087445572137,2.0571992855512633
2020-01-13 05:00:00+00:00,UPS,"United Parcel Service, Inc.",Industrials,Integrated Freight & Logistics,91.42114105225716,92.28716855209592,91.24793435096674,91.9171371459961,91.9171371459961,1826200,0.5425398195975506,1.039234201129176
2020-01-13 05:00:00+00:00,USB,U.S. Bancorp,Financial Services,Banks - Regional,43.63894327800533,43.83968729629745,43.38414973465079,43.785640716552734,43.785640716552734,6235800,0.33616175720126495,0.4555375616466577
2020-01-13 05:00:00+00:00,V,Visa Inc.,Financial Services,Credit Services,185.98489858555575,187.0944602022365,185.8318525842336,186.8361968994141,186.8361968994141,11290500,0.4577244283447707,1.262607618002903
2020-01-13 05:00:00+00:00,VLO,Valero Energy Corporation,Energy,Oil & Gas Refining & Marketing,75.51145633890523,76.27395919583883,74.54664832537921,74.88899993896484,74.88899993896484,2703100,-0.8243204807846966,1.7273108704596183
2020-01-13 05:00:00+00:00,VMC,Vulcan Materials Company,Basic Materials,Building Materials,135.76454181105254,136.01153666228373,134.8525351753808,135.10903930664062,135.10903930664062,687800,-0.4828230520780568,1.1590014869029233
2020-01-13 05:00:00+00:00,VRTX,Vertex Pharmaceuticals Incorporated,Healthcare,Biotechnology,229.3800048828125,230.0,224.55999755859375,226.4900054931641,226.4900054931641,1031500,-1.2599177470263265,5.44000244140625
2020-01-13 05:00:00+00:00,VZ,Verizon Communications Inc.,Communication Services,Telecom Services,41.62206961191276,41.86889544622221,41.452815689672114,41.713748931884766,41.713748931884766,14158400,0.2202661252235501,0.4160797565500971
2020-01-13 05:00:00+00:00,WFC,Wells Fargo & Company,Financial Services,Banks - Diversified,44.761422203455794,44.761422203455794,44.19018275744239,44.42890930175781,44.42890930175781,25197600,-0.7428559802827488,0.5712394460134007
2020-01-13 05:00:00+00:00,WM,"Waste Management, Inc.",Industrials,Waste Management,105.62560706624326,107.02234013222208,105.52583992441448,106.71397399902344,106.71397399902344,1340900,1.0304006414823297,1.4965002078075997
2020-01-13 05:00:00+00:00,WMT,Walmart Inc.,Consumer Defensive,Discount Stores,35.64965252730209,35.70172772911933,35.34027219332845,35.49649429321289,35.49649429321289,18337800,-0.4296205523234817,0.3614555357908742
2020-01-13 05:00:00+00:00,XOM,Exxon Mobil Corporation,Energy,Oil & Gas Integrated,52.37503912177747,52.88214289991946,52.30692406504758,52.82916259765625,52.82916259765625,9953900,0.8670608814685485,0.5752188348718761
2020-01-13 05:00:00+00:00,ZTS,Zoetis Inc.,Healthcare,Drug Manufacturers - Specialty & Generic,128.79902367816752,129.44268053151245,128.22161882164272,129.2154998779297,129.2154998779297,1797600,0.3233535378364584,1.2210617098697298
2020-01-14 05:00:00+00:00,AAPL,Apple Inc.,Technology,Consumer Electronics,76.34175230410106,76.5514679630278,75.24977872842311,75.37271118164062,75.37271118164062,161954400,-1.2693461876540948,1.3016892346046944
2020-01-14 05:00:00+00:00,ABBV,AbbVie Inc.,Healthcare,Drug Manufacturers - General,68.28131168251258,69.331796529228,68.02260952089613,69.14364624023438,69.14364624023438,8876900,1.2629144585437801,1.3091870083318753
2020-01-14 05:00:00+00:00,ABT,Abbott Laboratories,Healthcare,Medical Devices,75.6099331141733,77.29055580772324,75.5020902153171,77.056884765625,77.056884765625,8751400,1.9137057683502472,1.7884655924061406
2020-01-14 05:00:00+00:00,ADBE,Adobe Inc.,Technology,Software - Application,347.010009765625,347.2699890136719,343.1499938964844,344.6300048828125,344.6300048828125,2274400,-0.6858605849496923,4.1199951171875
2020-01-14 05:00:00+00:00,AIG,"American International Group, Inc.",Financial Services,Insurance - Diversified,44.97883846166947,45.43230488010704,44.645155379132305,44.78205108642578,44.78205108642578,5277000,-0.437511020680064,0.7871495009747349
2020-01-14 05:00:00+00:00,AMAT,"Applied Materials, Inc.",Technology,Semiconductor Equipment & Materials,58.668722461621805,60.04827280581001,58.659275066716475,58.91439437866211,58.91439437866211,7998000,0.41874427588057894,1.3889977390935329
2020-01-14 05:00:00+00:00,AMD,"Advanced Micro Devices, Inc.",Technology,Semiconductors,48.63999938964844,49.040000915527344,47.90999984741211,48.209999084472656,48.209999084472656,38563200,-0.8840466911422163,1.1300010681152344
2020-01-14 05:00:00+00:00,AMGN,Amgen Inc.,Healthcare,Drug Manufacturers - General,196.0326194194068,200.08960473050053,195.5088640935952,199.5242919921875,199.5242919921875,2239100,1.781169166193888,4.580740636905318
2020-01-14 05:00:00+00:00,AMZN,"Amazon.com, Inc.",Consumer Cyclical,Internet Retail,94.29399871826172,94.35549926757812,92.92749786376952,93.47200012207033,93.47200012207033,68818000,-0.8717400973177705,1.428001403808608
2020-01-14 05:00:00+00:00,APD,"Air Products and Chemicals, Inc.",Basic Materials,Specialty Chemicals,204.0471915318703,204.87711431638684,202.19716879071024,202.74180603027344,202.74180603027344,944200,-0.6397468604183087,2.679945525676601
2020-01-14 05:00:00+00:00,AVGO,Broadcom Inc.,Technology,Semiconductors,25.98137815591489,26.5965003041474,25.946105109817335,26.513050079345703,26.513050079345703,28911000,2.046357665248693,0.6503951943300663
2020-01-14 05:00:00+00:00,AXP,American Express Company,Financial Services,Credit Services,118.94162289958123,120.3010097561543,118.68269341362436,119.10808563232422,119.10808563232422,3836000,0.1399533053988383,1.618316342529937
2020-01-14 05:00:00+00:00,BA,The Boeing Company,Industrials,Aerospace & Defense,328.8037156243825,333.366564233772,326.33837276847987,330.3843078613281,330.3843078613281,6945300,0.4807099682386955,7.028191465292139
2020-01-14 05:00:00+00:00,BAC,Bank of America Corporation,Financial Services,Banks - Diversified,30.467027002175215,30.78636886314257,30.303041353012897,30.484289169311523,30.484289169311523,66719300,0.056658521801541246,0.4833275101296728
2020-01-14 05:00:00+00:00,BIIB,Biogen Inc.,Healthcare,Drug Manufacturers - General,294.1000061035156,306.3500061035156,291.2699890136719,298.9700012207031,298.9700012207031,2112600,1.6558976593401997,15.08001708984375
2020-01-14 05:00:00+00:00,BLK,"BlackRock, Inc.",Financial Services,Asset Management,449.8574907558696,454.0520456821619,446.7180409599129,448.2747802734375,448.2747802734375,923600,-0.3518248589731758,7.334004722249006
2020-01-14 05:00:00+00:00,BMY,Bristol-Myers Squibb Company,Healthcare,Drug Manufacturers - General,52.30294540066414,52.87517129235056,52.11220545793982,52.80364608764648,52.80364608764648,30560500,0.9573087770616764,0.7629658344107355
2020-01-14 05:00:00+00:00,BRK-B,Berkshire Hathaway Inc.,Financial Services,Insurance - Diversified,227.8500061035156,228.38999938964844,226.8800048828125,227.1699981689453,227.1699981689453,3355400,-0.2984454317992629,1.5099945068359375
2020-01-14 05:00:00+00:00,C,Citigroup Inc.,Financial Services,Banks - Diversified,64.94831685686395,66.47604503059186,64.76435335995085,65.51622009277344,65.51622009277344,24971800,0.8743925376250384,1.7116916706410166
2020-01-14 05:00:00+00:00,CAT,Caterpillar Inc.,Industrials,Farm & Heavy Construction Machinery,129.85236236246482,130.3191076657223,128.848417859912,129.17425537109375,129.17425537109375,2742200,-0.5222138273297064,1.4706898058103093
2020-01-14 05:00:00+00:00,CB,Chubb Limited,Financial Services,Insurance - Property & Casualty,136.63492114827727,137.93420915302397,136.54405583623762,136.9801788330078,136.9801788330078,1410600,0.25268626924142223,1.3901533167863533
2020-01-14 05:00:00+00:00,CI,The Cigna Group,Healthcare,Healthcare Plans,185.91379130488684,189.28888902379904,185.6942818315295,187.67909240722656,187.67909240722656,1499100,0.9495267080239022,3.5946071922695353
2020-01-14 05:00:00+00:00,CL,Colgate-Palmolive Company,Consumer Defensive,Household & Personal Products,60.53122286929118,60.75560620820779,60.436291709911515,60.660675048828125,60.660675048828125,4711900,0.21386017562619175,0.3193144982962721
2020-01-14 05:00:00+00:00,CMCSA,Comcast Corporation,Communication Services,Telecom Services,36.07687561435977,36.591467541085734,36.02145742735317,36.44104766845703,36.44104766845703,17831597,1.0094334608962303,0.5700101137325646
2020-01-14 05:00:00+00:00,CME,CME Group Inc.,Financial Services,Financial Data & Stock Exchanges,163.86558666828316,164.20208129872657,162.66381489167617,163.08843994140625,163.08843994140625,1260600,-0.4742586547168705,1.5382664070504006
2020-01-14 05:00:00+00:00,COF,Capital One Financial Corporation,Financial Services,Credit Services,91.91943287047326,93.4258635111558,91.8833498340207,92.51478576660156,92.51478576660156,2251900,0.6476899144571918,1.5425136771350907
2020-01-14 05:00:00+00:00,COP,ConocoPhillips,Energy,Oil & Gas E&P,52.371056830333295,52.45938630148124,51.92138397818603,52.30681610107422,52.30681610107422,6119400,-0.12266456540527149,0.5380023232952098
2020-01-14 05:00:00+00:00,COST,Costco Wholesale Corporation,Consumer Defensive,Discount Stores,273.21893939224253,274.8167109676358,272.6072088722621,273.6754455566406,273.6754455566406,1459900,0.1670843776107031,2.2095020953736935
2020-01-14 05:00:00+00:00,CRM,"Salesforce, Inc.",Technology,Software - Application,181.29716965877017,181.64297410525887,179.85468963202945,179.93373107910156,179.93373107910156,4342300,-0.7520462576634906,1.7882844732294245
2020-01-14 05:00:00+00:00,CSCO,"Cisco Systems, Inc.",Technology,Communication Equipment,40.08783437852544,40.112912340200225,39.803641925110036,39.94573974609375,39.94573974609375,17948700,-0.3544582405973302,0.3092704150901895
2020-01-14 05:00:00+00:00,CSX,CSX Corporation,Industrials,Railroads,22.90673005249648,23.16507549409016,22.823689943456696,22.96208953857422,22.96208953857422,9249600,0.24167345557775935,0.3413855506334649
2020-01-14 05:00:00+00:00,CVS,CVS Health Corporation,Healthcare,Healthcare Plans,59.295012068016696,60.439546864230245,59.28683508196302,60.35779571533203,60.35779571533203,6484200,1.7923660190780077,1.1527117822672253
2020-01-14 05:00:00+00:00,CVX,Chevron Corporation,Energy,Oil & Gas Integrated,89.14546109422177,89.43623388710145,88.54095469182226,88.99242401123047,88.99242401123047,7189100,-0.17167120020788526,0.895279195279187
2020-01-14 05:00:00+00:00,DD,"DuPont de Nemours, Inc.",Basic Materials,Specialty Chemicals,22.501773070749717,22.646705581543227,22.174745302218973,22.36055564880371,22.36055564880371,16737648,-0.6275835308710683,0.47196027932425366
2020-01-14 05:00:00+00:00,DE,Deere & Company,Industrials,Farm & Heavy Construction Machinery,161.0638287606443,161.22039643681163,159.72837295498704,159.9494171142578,159.9494171142578,1039800,-0.691906839022562,1.4920234818245888
2020-01-14 05:00:00+00:00,DHR,Danaher Corporation,Healthcare,Diagnostics & Research,138.06967974911424,139.90933471610495,137.63782888091052,139.39112854003906,139.39112854003906,3430361,0.9570883291147031,2.271505835194432
2020-01-14 05:00:00+00:00,DIS,The Walt Disney Company,Communication Services,Entertainment,140.1104888052538,143.34433138273153,139.01624713983438,141.8592987060547,141.8592987060547,14839100,1.248164870248684,4.328084242897148
2020-01-14 05:00:00+00:00,DOW,Dow Inc.,Basic Materials,Chemicals,37.37254539558923,37.9310946027127,37.20068620236095,37.40835189819336,37.40835189819336,3689800,0.09580964375083105,0.7304084003517488
2020-01-14 05:00:00+00:00,ECL,Ecolab Inc.,Basic Materials,Specialty Chemicals,179.1009520408888,179.9075869219119,177.7034203636271,178.17239379882812,178.17239379882812,1212600,-0.5184552239837891,2.204166558284811
2020-01-14 05:00:00+00:00,EL,The Estée Lauder Companies Inc.,Consumer Defensive,Household & Personal Products,197.57833216552072,200.1942247587612,197.1346514390003,199.38079833984375,199.38079833984375,1434500,0.912279274031435,3.059573319760915
2020-01-14 05:00:00+00:00,ELV,"Elevance Health, Inc.",Healthcare,Healthcare Plans,272.94483419496254,274.7980075389642,271.8200097749824,273.71929931640625,273.71929931640625,1067700,0.28374419458348,2.9779977639818185
2020-01-14 05:00:00+00:00,EMR,Emerson Electric Co.,Industrials,Specialty Industrial Machinery,67.5458386802082,67.83445365032189,67.15226189288211,67.2309799194336,67.2309799194336,2280200,-0.46614087103913615,0.6821917574397816
2020-01-14 05:00:00+00:00,EOG,"EOG Resources, Inc.",Energy,Oil & Gas E&P,64.46343021015693,65.43751807842123,63.85179015831403,65.1883316040039,65.1883316040039,4281700,1.1245157005820658,1.5857279201072032
2020-01-14 05:00:00+00:00,ETN,Eaton Corporation plc,Industrials,Specialty Industrial Machinery,85.53805541026225,85.66404462819662,84.58412821831956,84.68312072753906,84.68312072753906,2349900,-0.999478745013198,1.0799164098770575
2020-01-14 05:00:00+00:00,FCX,Freeport-McMoRan Inc.,Basic Materials,Copper,12.454122202226806,12.67818415453737,12.304747567353097,12.332755088806152,12.332755088806152,26529300,-0.974513590359287,0.37343658718427264
2020-01-14 05:00:00+00:00,FDX,FedEx Corporation,Industrials,Integrated Freight & Logistics,142.42875910950818,147.21666209270057,141.95444512044256,145.09567260742188,145.09567260742188,5076600,1.8724543516265604,5.262216972258017
2020-01-14 05:00:00+00:00,GD,General Dynamics Corporation,Industrials,Aerospace & Defense,156.59924258329434,157.05779179549302,155.43989224308407,156.5732879638672,156.5732879638672,917900,-0.016573911213745796,1.617899552408943
2020-01-14 05:00:00+00:00,GE,GE Aerospace,Industrials,Aerospace & Defense,58.94655750896009,59.09198549976955,58.122470507948705,58.316375732421875,58.316375732421875,9034667,-1.0690730776643327,0.9695149918208443
2020-01-14 05:00:00+00:00,GILD,"Gilead Sciences, Inc.",Healthcare,Drug Manufacturers - General,51.08460855686115,51.20357112559533,50.688047499595235,50.91804885864258,50.91804885864258,9929700,-0.3260467348657013,0.5155236260000962
2020-01-14 05:00:00+00:00,GOOGL,Alphabet Inc.,Communication Services,Internet Content & Information,71.4600719000503,71.59058602367756,70.85315396532941,70.99310302734375,70.99310302734375,26076000,-0.6534682379828618,0.7374320583481477
2020-01-14 05:00:00+00:00,GS,"The Goldman Sachs Group, Inc.",Financial Services,Capital Markets,212.72090029261295,215.4956688049262,212.09657572345,213.0157165527344,213.0157165527344,4302800,0.13859299190437305,3.3990930814761953
2020-01-14 05:00:00+00:00,HAL,Halliburton Company,Energy,Oil & Gas Equipment & Services,21.1378379563259,21.541061489420866,20.94070740074682,21.45145606994629,21.45145606994629,13325200,1.4836811327079613,0.6003540886740453
2020-01-14 05:00:00+00:00,HD,"The Home Depot, Inc.",Consumer Cyclical,Home Improvement Retail,192.4284861659468,194.56485170377263,192.28145051811632,192.7139129638672,192.7139129638672,3915100,0.14832876545848162,2.2834011856563166
2020-01-14 05:00:00+00:00,HON,Honeywell International Inc.,Industrials,Conglomerates,150.11744003997154,150.72460029110078,149.30234985608547,150.08416748046875,150.08416748046875,2324863,-0.0221643531184195,1.4222504350153145
2020-01-14 05:00:00+00:00,IBM,International Business Machines Corporation,Technology,Information Technology Services,100.07828543391943,100.70984055617262,99.5422084406842,99.740478515625,99.740478515625,3850326,-0.33754267154934736,1.1676321154884164
2020-01-14 05:00:00+00:00,INTC,Intel Corporation,Technology,Semiconductors,52.47564095104095,52.69616389384848,52.21101072774147,52.42271423339844,52.42271423339844,17051200,-0.10085959253340719,0.4851531661070112
2020-01-14 05:00:00+00:00,INTU,Intuit Inc.,Technology,Software - Application,265.1300219286938,265.7841106340141,261.72486818448533,262.2923889160156,262.2923889160156,1216400,-1.0702797789687297,4.059242449528767
2020-01-14 05:00:00+00:00,ISRG,"Intuitive Surgical, Inc.",Healthcare,Medical Instruments & Supplies,200.9066619873047,201.4333343505859,199.1999969482422,200.89666748046875,200.89666748046875,1335900,-0.004974701553982841,2.2333374023437216
2020-01-14 05:00:00+00:00,ITW,Illinois Tool Works Inc.,Industrials,Specialty Industrial Machinery,156.03653311297973,156.58357696065784,154.74274950422966,155.11611938476562,155.11611938476562,1127000,-0.5898706603200843,1.8408274564281726
2020-01-14 05:00:00+00:00,JNJ,Johnson & Johnson,Healthcare,Drug Manufacturers - General,122.51314282421404,123.83075881649516,122.2428560114463,123.75474548339844,123.75474548339844,7037500,1.013444460375886,1.5879028050488557
2020-01-14 05:00:00+00:00,JPM,JPMorgan Chase & Co.,Financial Services,Banks - Diversified,117.12594497656474,119.5204225004445,116.91366800305534,117.8561782836914,117.8561782836914,24906000,0.6234599065755898,2.6067544973891614
2020-01-14 05:00:00+00:00,KO,The Coca-Cola Company,Consumer Defensive,Beverages - Non-Alcoholic,46.78495312946402,46.82654651304463,46.44388230670821,46.58530044555664,46.58530044555664,16345300,-0.4267455037411259,0.38266420633642184
2020-01-14 05:00:00+00:00,LIN,Linde plc,Basic Materials,Specialty Chemicals,193.8717655221801,194.6517590016724,191.91716809305728,192.66964721679688,192.66964721679688,2107300,-0.6200584711989471,2.734590908615104
2020-01-14 05:00:00+00:00,LLY,Eli Lilly and Company,Healthcare,Drug Manufacturers - General,129.30566466767263,131.08257171305746,128.49627359286652,130.84999084472656,130.84999084472656,4685200,1.1943221366387864,2.5862981201909463
2020-01-14 05:00:00+00:00,LMT,Lockheed Martin Corporation,Industrials,Aerospace & Defense,354.87207070811405,355.44993514700633,352.7305593517935,353.6398620605469,353.6398620605469,967200,-0.3472261553602738,2.719375795212841
2020-01-14 05:00:00+00:00,LOW,"Lowe's Companies, Inc.",Consumer Cyclical,Home Improvement Retail,107.82271770094133,108.56324773198008,106.72531196011953,107.12680053710938,107.12680053710938,3823400,-0.6454272148492458,1.8379357718605576
2020-01-14 05:00:00+00:00,MA,Mastercard Incorporated,Financial Services,Credit Services,305.6535109014559,305.88554071745665,299.5439136077675,300.2979736328125,300.2979736328125,4951400,-1.7521595786184305,6.3416271096891705
2020-01-14 05:00:00+00:00,MCD,McDonald's Corporation,Consumer Cyclical,Restaurants,178.82950686095742,180.73564097514856,178.82950686095742,180.44842529296875,180.44842529296875,2622700,0.9052859678632676,1.9061341141911328
2020-01-14 05:00:00+00:00,META,"Meta Platforms, Inc.",Communication Services,Internet Content & Information,220.07270383095607,220.8373666247612,217.11338017517343,217.54039001464844,217.54039001464844,13288900,-1.1506714700305474,3.7239864495877555
2020-01-14 05:00:00+00:00,MMM,3M Company,Industrials,Conglomerates,121.29933217214958,122.39217373282172,120.82330856054205,121.60103607177734,121.60103607177734,3481795,0.24872676067134947,1.568865172279672
2020-01-14 05:00:00+00:00,MPC,Marathon Petroleum Corporation,Energy,Oil & Gas Refining & Marketing,49.32446264130867,49.863571219819235,49.042466265318645,49.63134002685547,49.63134002685547,5411900,0.6221606260131698,0.8211049545005906
2020-01-14 05:00:00+00:00,MRK,"Merck & Co., Inc.",Healthcare,Drug Manufacturers - General,70.44158575836205,70.9623794555664,70.12595493529534,70.9623794555664,70.9623794555664,8625669,0.7393270489265372,0.8364245202710663
2020-01-14 05:00:00+00:00,MS,Morgan Stanley,Financial Services,Capital Markets,43.673113797704886,43.82949961434465,43.36033902458926,43.50849533081055,43.50849533081055,9602000,-0.3769332034735526,0.4691605897553899
2020-01-14 05:00:00+00:00,MSFT,Microsoft Corporation,Technology,Software - Infrastructure,155.13576394480137,155.33516141166606,153.55013175988464,153.93942260742188,153.93942260742188,23477400,-0.7711576666520056,1.7850296517814286
2020-01-14 05:00:00+00:00,NEM,Newmont Corporation,Basic Materials,Gold,35.467444761482916,35.954103086161226,35.33319385804125,35.93732452392578,35.93732452392578,6072600,1.324819889345812,0.6209092281199773
2020-01-14 05:00:00+00:00,NFLX,"Netflix, Inc.",Communication Services,Entertainment,34.439998626708984,34.53799819946289,33.551998138427734,33.86899948120117,33.86899948120117,71994000,-1.657953450279728,0.9860000610351562
2020-01-14 05:00:00+00:00,NKE,"NIKE, Inc.",Consumer Cyclical,Footwear & Accessories,94.50389901763918,95.83221379910825,94.41165649951562,94.93744659423828,94.93744659423828,5088500,0.45876157608923057,1.4205572995926303
2020-01-14 05:00:00+00:00,NOC,Northrop Grumman Corporation,Industrials,Aerospace & Defense,340.3509907333787,340.6951499737989,337.88756566596675,339.3276062011719,339.3276062011719,740600,-0.30068504575281507,2.807584307832144
2020-01-14 05:00:00+00:00,NOW,"ServiceNow, Inc.",Technology,Software - Application,60.77000045776367,61.20000076293945,60.27399826049805,60.29999923706055,60.29999923706055,7491500,-0.7734099344458372,0.9260025024414062
2020-01-14 05:00:00+00:00,NSC,Norfolk Southern Corporation,Industrials,Railroads,176.39471692888807,179.07069256043854,176.02501056456146,177.5478515625,177.5478515625,1315900,0.6537240194539402,3.0456819958770893
2020-01-14 05:00:00+00:00,NUE,Nucor Corporation,Basic Materials,Steel,47.50613585551333,48.14690569254809,47.45273695453835,48.05791091918945,48.05791091918945,1845200,1.1614816775548977,0.6941687380097363
2020-01-14 05:00:00+00:00,NVDA,NVIDIA Corporation,Technology,Semiconductors,6.2286768954430665,6.254063792280203,6.141317164517189,6.154508590698242,6.154508590698242,359088000,-1.1907553721254382,0.11274662776301358
2020-01-14 05:00:00+00:00,ORCL,Oracle Corporation,Technology,Software - Infrastructure,50.0641892845637,50.67024865747623,50.04582342442337,50.39476776123047,50.39476776123047,12627200,0.6603092577566075,0.624425233052861
2020-01-14 05:00:00+00:00,OXY,Occidental Petroleum Corporation,Energy,Oil & Gas E&P,42.75985183516708,43.289217751234794,42.63207481588526,43.11580657958984,43.11580657958984,12183900,0.8324508368151188,0.6571429353495333
2020-01-14 05:00:00+00:00,PEP,"PepsiCo, Inc.",Consumer Defensive,Beverages - Non-Alcoholic,113.41384486829868,114.04679856409012,113.01409333423766,113.97184753417967,113.97184753417967,4159700,0.49200577454099137,1.0327052298524677
2020-01-14 05:00:00+00:00,PFE,Pfizer Inc.,Healthcare,Drug Manufacturers - General,27.698561056651556,28.155170038145418,27.607241519898416,28.14814567565918,28.14814567565918,20919160,1.6231334836784235,0.5479285182470015
2020-01-14 05:00:00+00:00,PG,The Procter & Gamble Company,Consumer Defensive,Household & Personal Products,106.58430385791358,107.05458768061742,106.43894375945908,106.6185073852539,106.6185073852539,7829700,0.032090585670025505,0.6156439211583375
2020-01-14 05:00:00+00:00,PM,Philip Morris International Inc.,Consumer Defensive,Tobacco,64.60910729044625,64.7859207590634,64.27022323986023,64.52070617675781,64.52070617675781,5129300,-0.13682453975262684,0.5156975192031723
2020-01-14 05:00:00+00:00,PNC,"The PNC Financial Services Group, Inc.",Financial Services,Banks - Regional,126.60102172278768,128.0168014973474,126.31468355846252,127.1657485961914,127.1657485961914,3333900,0.44606817995535947,1.702117938884868
2020-01-14 05:00:00+00:00,PSX,Phillips 66,Energy,Oil & Gas Refining & Marketing,82.17665484827762,83.26173255971594,81.95808009974566,83.04315185546875,83.04315185546875,2753400,1.0544320753758325,1.3036524599702801
2020-01-14 05:00:00+00:00,QCOM,QUALCOMM Incorporated,Technology,Semiconductors,79.78254725051403,80.20278089101843,79.04714672886523,79.28352355957031,79.28352355957031,7800100,-0.6254797673691731,1.1556341621532056
2020-01-14 05:00:00+00:00,REGN,"Regeneron Pharmaceuticals, Inc.",Healthcare,Biotechnology,376.2134831378739,386.2776920100755,373.4985598119739,385.4820861816406,385.4820861816406,638900,2.463655200887632,12.779132198101593
2020-01-14 05:00:00+00:00,RTX,RTX Corporation,Industrials,Aerospace & Defense,82.57287438254629,83.1402008543667,82.4364970001704,82.66561126708984,82.66561126708984,4987712,0.11230913933541999,0.7037038541962914
2020-01-14 05:00:00+00:00,SBUX,Starbucks Corporation,Consumer Cyclical,Restaurants,79.83255767348557,80.05142091379741,79.54365659327168,79.65746307373047,79.65746307373047,5855200,-0.21932730812813722,0.5077643205257374
2020-01-14 05:00:00+00:00,SCHW,The Charles Schwab Corporation,Financial Services,Capital Markets,44.22263632994966,44.268633793884355,43.7350568953551,43.891448974609375,43.891448974609375,8874500,-0.7489091171979442,0.5335768985292546
2020-01-14 05:00:00+00:00,SHW,The Sherwin-Williams Company,Basic Materials,Specialty Chemicals,181.63694598610303,182.9737700625566,180.94799101572292,181.55162048339844,181.55162048339844,1810200,-0.0469758518793418,2.0257790468336907
2020-01-14 05:00:00+00:00,SLB,SLB N.V.,Energy,Oil & Gas Equipment & Services,33.84122569052043,34.31871795654297,33.32900587123762,34.31871795654297,34.31871795654297,13958700,1.4109780490494817,0.9897120853053494
2020-01-14 05:00:00+00:00,SPGI,S&P Global Inc.,Financial Services,Financial Data & Stock Exchanges,279.55554324230434,279.94560209584046,275.7976811173624,276.0545654296875,276.0545654296875,1249100,-1.2523371105477852,4.147920978478055
2020-01-14 05:00:00+00:00,T,AT&T Inc.,Communication Services,Telecom Services,18.9239068703731,18.988545209586036,18.86921308421221,18.938823699951172,18.938823699951172,35129295,0.0788253169932197,0.11933212537382687
2020-01-14 05:00:00+00:00,TFC,Truist Financial Corporation,Financial Services,Banks - Regional,42.56853245947214,42.80342572130439,42.36394856506219,42.70492172241211,42.70492172241211,5214100,0.3203992598754078,0.43947715624220507
2020-01-14 05:00:00+00:00,TGT,Target Corporation,Consumer Defensive,Discount Stores,105.44712463786624,107.20458116289956,105.31062688858208,106.8633270263672,106.8633270263672,3291900,1.3430450506493967,1.8939542743174798
2020-01-14 05:00:00+00:00,TJX,"The TJX Companies, Inc.",Consumer Cyclical,Apparel Retail,57.821537249982846,58.09907992295345,57.40522147595366,58.02507019042969,58.02507019042969,5316800,0.352001953125004,0.6938584469997906
2020-01-14 05:00:00+00:00,TMO,Thermo Fisher Scientific Inc.,Healthcare,Diagnostics & Research,325.3753062538823,329.9240771577272,322.982775591019,327.66937255859375,327.66937255859375,1069800,0.7050523689469725,6.941301566708205
2020-01-14 05:00:00+00:00,TSLA,"Tesla, Inc.",Consumer Cyclical,Auto Manufacturers,36.28400039672851,36.49399948120117,34.99333190917969,35.861331939697266,35.861331939697266,434943000,-1.1648893518073937,1.5006675720214844
2020-01-14 05:00:00+00:00,TXN,Texas Instruments Incorporated,Technology,Semiconductors,108.8060539825322,110.40528419759008,108.70558306675724,109.40890502929688,109.40890502929688,4626200,0.5540602059343608,1.6997011308328354
2020-01-14 05:00:00+00:00,UNH,UnitedHealth Group Incorporated,Healthcare,Healthcare Plans,258.9860912804269,261.38006591796875,257.76188681095107,261.38006591796875,261.38006591796875,6056300,0.9243641717229162,3.6181791070176814
2020-01-14 05:00:00+00:00,UNP,Union Pacific Corporation,Industrials,Railroads,158.01000560473545,159.96214764023117,157.70360966912213,158.2726287841797,158.2726287841797,2805900,0.16620667687411478,2.2585379711090354
2020-01-14 05:00:00+00:00,UPS,"United Parcel Service, Inc.",Industrials,Integrated Freight & Logistics,91.91713771093306,93.042975269627,91.86990170360474,92.32653045654295,92.32653045654295,2598600,0.4453932702923987,1.1730735660222535
2020-01-14 05:00:00+00:00,USB,U.S. Bancorp,Financial Services,Banks - Regional,43.770194085144745,44.163965350401554,43.60033468503236,43.69298553466797,43.69298553466797,6866500,-0.17639526643766892,0.563630665369196
2020-01-14 05:00:00+00:00,V,Visa Inc.,Financial Services,Credit Services,188.18490049946283,188.3857606192974,186.65446957041073,187.52490234375,187.52490234375,6236500,-0.35071791305313116,1.7312910488866748
2020-01-14 05:00:00+00:00,VLO,Valero Energy Corporation,Energy,Oil & Gas Refining & Marketing,74.71784165580365,74.81121191854815,73.76859809455063,74.2276611328125,74.2276611328125,3270900,-0.6560421341521429,1.0426138239975273
2020-01-14 05:00:00+00:00,VMC,Vulcan Materials Company,Basic Materials,Building Materials,134.633984095656,134.85248000912512,131.47048275710796,132.4299774169922,132.4299774169922,1412700,-1.6370359188790546,3.3819972520171575
2020-01-14 05:00:00+00:00,VRTX,Vertex Pharmaceuticals Incorporated,Healthcare,Biotechnology,226.44000244140625,229.8000030517578,225.52999877929688,229.75,229.75,1042000,1.4617547795912285,4.2700042724609375
2020-01-14 05:00:00+00:00,VZ,Verizon Communications Inc.,Communication Services,Telecom Services,41.607967625729614,41.699646951720275,41.438713692377625,41.63617706298828,41.63617706298828,12697100,0.0677981619107557,0.2609332593426501
2020-01-14 05:00:00+00:00,WFC,Wells Fargo & Company,Financial Services,Banks - Diversified,42.826020780585154,43.26084782186321,41.99047466982943,42.033103942871094,42.033103942871094,56668300,-1.8514838018140658,1.2703731520337769
2020-01-14 05:00:00+00:00,WM,"Waste Management, Inc.",Industrials,Waste Management,106.73209051571544,107.3125500042336,106.44186077145636,107.08580780029295,107.08580780029295,1622400,0.33140668646926874,0.870689232777238
2020-01-14 05:00:00+00:00,WMT,Walmart Inc.,Consumer Defensive,Discount Stores,35.370901158612384,35.59757813233342,35.26675076287375,35.58838653564453,35.58838653564453,19757400,0.6148708964379682,0.3308273694596693
2020-01-14 05:00:00+00:00,XOM,Exxon Mobil Corporation,Energy,Oil & Gas Integrated,52.511277856936594,52.662654281910775,52.14041572098516,52.37504196166992,52.37504196166992,16261000,-0.25944121115817803,0.522238560925615
2020-01-14 05:00:00+00:00,ZTS,Zoetis Inc.,Healthcare,Drug Manufacturers - Specialty & Generic,129.13030528224124,129.94435119081896,128.2784031552433,129.9348907470703,129.9348907470703,1848800,0.6230802777632135,1.665948035575667
2020-01-15 05:00:00+00:00,AAPL,Apple Inc.,Technology,Consumer Electronics,75.17262239843001,76.05246721987251,74.61819429330173,75.0496826171875,75.0496826171875,121923600,-0.16354329185285324,1.4342729265707845
2020-01-15 05:00:00+00:00,ABBV,AbbVie Inc.,Healthcare,Drug Manufacturers - General,69.12797385893802,70.46067225076898,69.12797385893802,69.9746322631836,69.9746322631836,8490100,1.2247695932376925,1.3326983918309594
2020-01-15 05:00:00+00:00,ABT,Abbott Laboratories,Healthcare,Medical Devices,77.3894340908622,78.95321819308,77.3894340908622,78.53081512451172,78.53081512451172,5389700,1.4748538312212474,1.5637841022178094
2020-01-15 05:00:00+00:00,ADBE,Adobe Inc.,Technology,Software - Application,346.4200134277344,347.5,342.4599914550781,342.94000244140625,342.94000244140625,2213300,-1.004564070041548,5.040008544921875
2020-01-15 05:00:00+00:00,AIG,"American International Group, Inc.",Financial Services,Insurance - Diversified,44.49970103740304,44.77349571081548,43.977788406824246,44.30291366577149,44.30291366577149,4095000,-0.44222178361635844,0.7957073039912359
2020-01-15 05:00:00+00:00,AMAT,"Applied Materials, Inc.",Technology,Semiconductor Equipment & Materials,58.867155105386246,58.933297688741135,57.96950112549784,58.51754379272461,58.51754379272461,6314100,-0.593898774343263,0.9637965632432923
2020-01-15 05:00:00+00:00,AMD,"Advanced Micro Devices, Inc.",Technology,Semiconductors,48.22999954223633,49.08000183105469,48.119998931884766,48.54999923706055,48.54999923706055,40199900,0.6634868294866689,0.9600028991699219
2020-01-15 05:00:00+00:00,AMGN,Amgen Inc.,Healthcare,Drug Manufacturers - General,200.0813007930018,201.6858152776804,199.56586708511975,200.9375915527344,200.9375915527344,1920700,0.42797140779213,2.1199481925606563
2020-01-15 05:00:00+00:00,AMZN,"Amazon.com, Inc.",Consumer Cyclical,Internet Retail,93.6125030517578,93.94300079345705,92.75450134277344,93.10099792480467,93.10099792480467,57932000,-0.5464068476732395,1.188499450683608
2020-01-15 05:00:00+00:00,APD,"Air Products and Chemicals, Inc.",Basic Materials,Specialty Chemicals,203.22591508610057,204.65232957005355,202.08477294599837,203.5544281005859,203.5544281005859,779500,0.16164917468628814,2.567556624055186
2020-01-15 05:00:00+00:00,AVGO,Broadcom Inc.,Technology,Semiconductors,26.438205420113302,26.48724244094634,25.869539085124934,26.07945442199707,26.07945442199707,22733000,-1.3569415639811402,0.6177033558214049
2020-01-15 05:00:00+00:00,AXP,American Express Company,Financial Services,Credit Services,119.006310746386,120.06976966631088,118.78436523579109,120.05128479003906,120.05128479003906,3187200,0.8780828824111665,1.2854044305197903
2020-01-15 05:00:00+00:00,BA,The Boeing Company,Industrials,Aerospace & Defense,330.38433205642025,331.1398164302177,327.7400609054219,327.8493957519531,327.8493957519531,4578300,-0.7672689224361368,3.3997555247958076
2020-01-15 05:00:00+00:00,BAC,Bank of America Corporation,Financial Services,Banks - Diversified,30.009587727236173,30.02684989243438,29.638459406528035,29.923276901245117,29.923276901245117,74745500,-0.2876108354954904,0.3883904859063456
2020-01-15 05:00:00+00:00,BIIB,Biogen Inc.,Healthcare,Drug Manufacturers - General,298.94000244140625,300.3699951171875,292.4100036621094,293.0899963378906,293.0899963378906,1975600,-1.9569164567268833,7.959991455078125
2020-01-15 05:00:00+00:00,BLK,"BlackRock, Inc.",Financial Services,Asset Management,448.43039277582994,459.7773639689203,448.43039277582994,458.6011657714844,458.6011657714844,1005100,2.268082886330765,11.346971193090383
2020-01-15 05:00:00+00:00,BMY,Bristol-Myers Squibb Company,Healthcare,Drug Manufacturers - General,52.795706048030674,53.32024249806836,52.795706048030674,52.914920806884766,52.914920806884766,10937400,0.22580389159989034,0.5245364500376866
2020-01-15 05:00:00+00:00,BRK-B,Berkshire Hathaway Inc.,Financial Services,Insurance - Diversified,226.8000030517578,228.63999938964844,226.77999877929688,228.3500061035156,228.3500061035156,2662500,0.6834228531311172,1.8600006103515625
2020-01-15 05:00:00+00:00,C,Citigroup Inc.,Financial Services,Banks - Diversified,65.37226544577686,65.62821924650359,64.57240905570329,64.98033142089844,64.98033142089844,16063600,-0.5995417509333743,1.055810190800301
2020-01-15 05:00:00+00:00,CAT,Caterpillar Inc.,Industrials,Farm & Heavy Construction Machinery,128.76916627244267,129.22710989208355,127.87089586714517,128.19674682617188,128.19674682617188,2640500,-0.44453145332921273,1.3562140249383816
2020-01-15 05:00:00+00:00,CB,Chubb Limited,Financial Services,Insurance - Property & Casualty,136.50769937271616,137.62527046473977,135.78989955236818,137.4617156982422,137.4617156982422,1367900,0.6988736385639405,1.8353709123715873
2020-01-15 05:00:00+00:00,CI,The Cigna Group,Healthcare,Healthcare Plans,187.67906531568943,192.46273263900295,187.67906531568943,190.45962524414065,190.45962524414065,1799700,1.4815503923008821,4.783667323313523
2020-01-15 05:00:00+00:00,CL,Colgate-Palmolive Company,Consumer Defensive,Household & Personal Products,60.70380739762635,61.316547133957535,60.70380739762635,61.10079574584961,61.10079574584961,3606200,0.653976027603803,0.6127397363311857
2020-01-15 05:00:00+00:00,CMCSA,Comcast Corporation,Communication Services,Telecom Services,36.464782324986544,36.85270626109898,36.425198841735266,36.638954162597656,36.638954162597656,16446205,0.4776439800430828,0.42750741936371384
2020-01-15 05:00:00+00:00,CME,CME Group Inc.,Financial Services,Financial Data & Stock Exchanges,163.96974650432875,165.66824672779964,162.64779019592038,164.25015258789062,164.25015258789062,1185000,0.17101086605294516,3.0204565318792618
2020-01-15 05:00:00+00:00,COF,Capital One Financial Corporation,Financial Services,Credit Services,91.8111888115966,92.7493271645628,91.51350890608948,92.31633758544922,92.31633758544922,1745400,0.5502039352624306,1.2358182584733157
2020-01-15 05:00:00+00:00,COP,ConocoPhillips,Energy,Oil & Gas E&P,52.19440078735352,52.459389215517035,51.744727910227645,52.19440078735352,52.19440078735352,3933300,0.0,0.7146613052893898
2020-01-15 05:00:00+00:00,COST,Costco Wholesale Corporation,Consumer Defensive,Discount Stores,272.39732351152935,274.8533297132665,272.1142918254943,274.6524658203125,274.6524658203125,1604000,0.8278871024544774,2.739037887772156
2020-01-15 05:00:00+00:00,CRM,"Salesforce, Inc.",Technology,Software - Application,179.49904234659422,180.89211983039556,178.45176937032957,178.88648986816406,178.88648986816406,3886600,-0.34125668327933717,2.4403504600659858
2020-01-15 05:00:00+00:00,CSCO,"Cisco Systems, Inc.",Technology,Communication Equipment,40.05440352647576,40.4556190708691,39.920666074528775,40.12963104248047,40.12963104248047,16289400,0.1878133473014624,0.5349529963403228
2020-01-15 05:00:00+00:00,CSX,CSX Corporation,Industrials,Railroads,22.91595514488121,23.245039369334105,22.87597319609436,23.06358337402344,23.06358337402344,14355600,0.6442159107437753,0.36906617323974444
2020-01-15 05:00:00+00:00,CVS,CVS Health Corporation,Healthcare,Healthcare Plans,60.488600615236294,61.821168762337294,60.44772815648193,61.535030364990234,61.535030364990234,8102800,1.7299619087077351,1.3734406058553645
2020-01-15 05:00:00+00:00,CVX,Chevron Corporation,Energy,Oil & Gas Integrated,88.9924078650189,89.07657999678962,88.4950286785527,88.86231994628906,88.86231994628906,5808800,-0.14617867057508502,0.5815513182369187
2020-01-15 05:00:00+00:00,DD,"DuPont de Nemours, Inc.",Basic Materials,Specialty Chemicals,22.360555760536617,23.074071357460035,22.304812486875953,22.721031188964844,22.721031188964844,13738915,1.6121040652505518,0.7692588705840819
2020-01-15 05:00:00+00:00,DE,Deere & Company,Industrials,Farm & Heavy Construction Machinery,159.4428328753346,161.31245374660062,158.54946557586842,159.25863647460938,159.25863647460938,1139200,-0.11552504267736326,2.7629881707322
2020-01-15 05:00:00+00:00,DHR,Danaher Corporation,Healthcare,Diagnostics & Research,139.52927680413802,140.23751208004035,138.4237536782611,138.8815155029297,138.8815155029297,3000706,-0.4642475873487242,1.8137584017792392
2020-01-15 05:00:00+00:00,DIS,The Walt Disney Company,Communication Services,Entertainment,142.35756099812676,142.35756099812676,140.6185009107716,140.99954223632812,140.99954223632812,6818200,-0.9539491631333177,1.7390600873551705
2020-01-15 05:00:00+00:00,DOW,Dow Inc.,Basic Materials,Chemicals,37.37253662370344,37.70193834143868,37.021655926421886,37.42982482910156,37.42982482910156,2235400,0.1532895826016484,0.6802824150167908
2020-01-15 05:00:00+00:00,ECL,Ecolab Inc.,Basic Materials,Specialty Chemicals,178.07861402713505,180.46099305683413,178.04110244522192,179.5699462890625,179.5699462890625,657000,0.8374572489092988,2.419890611612203
2020-01-15 05:00:00+00:00,EL,The Estée Lauder Companies Inc.,Consumer Defensive,Household & Personal Products,199.65806736955287,202.53277436668677,199.65806736955287,201.95968627929688,201.95968627929688,1696500,1.1527803209092848,2.8747069971338988
2020-01-15 05:00:00+00:00,ELV,"Elevance Health, Inc.",Healthcare,Healthcare Plans,274.06975257717113,281.02151145661384,274.03286523394473,278.0250549316406,278.0250549316406,1401000,1.443173614481876,6.988646222669104
2020-01-15 05:00:00+00:00,EMR,Emerson Electric Co.,Industrials,Specialty Industrial Machinery,67.23098401440232,67.58956910268822,66.7499479137207,67.04731750488281,67.04731750488281,2368000,-0.27318729929665503,0.8396211889675129
2020-01-15 05:00:00+00:00,EOG,"EOG Resources, Inc.",Energy,Oil & Gas E&P,64.6975289697474,65.52059233805294,64.37283292513932,65.49794006347656,65.49794006347656,2562500,1.2371586774255934,1.147759412913615
2020-01-15 05:00:00+00:00,ETN,Eaton Corporation plc,Industrials,Specialty Industrial Machinery,84.18818544817438,84.85412959947296,83.99919470957836,84.50315856933594,84.50315856933594,2653200,0.37412983720316967,0.8549348898945937
2020-01-15 05:00:00+00:00,FCX,Freeport-McMoRan Inc.,Basic Materials,Copper,12.19271780966519,12.258068996367482,11.996663359215171,12.118029594421388,12.118029594421388,20449800,-0.6125641256504439,0.26140563715231124
2020-01-15 05:00:00+00:00,FDX,FedEx Corporation,Industrials,Integrated Freight & Logistics,145.89222348993297,145.89222348993297,141.9992530200267,142.42881774902344,142.42881774902344,2971800,-2.3739481502580033,3.8929704699062597
2020-01-15 05:00:00+00:00,GD,General Dynamics Corporation,Industrials,Aerospace & Defense,156.6598177919418,158.295024883302,156.6598177919418,157.12701416015625,157.12701416015625,1174700,0.2982234850004253,1.6352070913602006
2020-01-15 05:00:00+00:00,GE,GE Aerospace,Industrials,Aerospace & Defense,58.26789625616306,58.26789625616306,57.34685482327299,57.5407600402832,57.5407600402832,9239517,-1.2479191160139913,0.9210414328900711
2020-01-15 05:00:00+00:00,GILD,"Gilead Sciences, Inc.",Healthcare,Drug Manufacturers - General,50.81493734867831,51.49701753196213,50.74355679402077,50.83872985839844,50.83872985839844,7080600,0.04682188144180204,0.75346073794136
